,PM2.5,PM10,NO,NO2,NOx,NH3,CO,SO2,O3,Benzene,Toluene,AQI
310,31.44,70.46,3.03,15.85,214.0,27.73,1.22,1.94,17.98,2.41,17.84,60.0
313,12.63,43.64,1.46,6.81,50.0,12.63,1.48,2.05,41.66,1.12,2.07,51.0
316,28.22,153.3,5.8,21.5,660.0,27.79,2.09,2.69,34.32,2.08,4.5,61.0
317,42.42,156.84,7.25,29.94,1040.0,21.94,1.56,2.23,31.35,1.82,4.65,130.0
322,21.99,39.86,7.08,16.44,563.0,41.96,1.73,2.95,9.98,1.52,2.38,103.0
323,13.89,31.44,6.84,12.14,398.0,23.93,1.72,2.5,4.56,0.74,1.48,74.0
326,19.66,36.84,6.47,16.37,619.0,24.04,1.35,2.83,4.09,1.18,2.17,75.0
327,20.35,33.97,7.76,20.64,777.0,26.98,1.36,2.59,7.77,1.02,1.9,85.0
328,34.39,36.29,8.38,28.8,1057.0,32.75,2.48,3.76,14.63,1.32,3.17,141.0
329,43.91,43.65,11.74,29.33,1077.0,55.4,1.52,3.44,14.8,1.53,3.59,90.0
330,44.14,112.78,7.05,26.64,876.0,32.33,2.18,4.3,25.57,1.69,3.36,126.0
331,44.94,114.34,8.47,28.1,959.0,32.75,2.3,4.7,29.1,1.56,2.38,147.0
332,29.35,75.79,5.72,21.21,642.0,19.08,1.55,4.55,29.03,1.01,1.15,87.0
333,15.34,53.7,8.46,22.22,768.0,21.4,1.13,4.45,8.84,1.11,2.53,56.0
334,14.18,55.71,12.9,25.86,876.0,21.81,1.63,5.14,9.89,0.97,2.15,88.0
335,13.36,33.82,8.24,24.04,491.0,22.0,1.7,11.07,8.15,0.73,1.66,67.0
336,19.86,72.72,11.73,33.56,868.0,37.08,1.47,8.32,9.51,0.98,2.6,74.0
337,28.35,102.15,13.06,32.95,779.0,52.45,2.03,6.08,21.38,1.0,3.46,105.0
338,25.04,89.26,9.79,33.02,701.0,51.77,1.72,5.43,26.44,0.77,1.47,103.0
340,41.16,85.25,10.04,34.42,738.0,46.07,1.88,5.24,27.26,0.88,1.7,65.0
341,46.33,82.86,17.24,44.41,1125.0,45.43,1.81,5.81,19.1,1.01,1.92,102.0
342,48.01,78.58,16.65,39.78,1031.0,46.15,1.84,4.86,6.32,1.16,1.49,94.0
343,35.48,58.04,25.04,35.58,1158.0,51.46,1.92,5.27,3.36,0.99,1.46,86.0
344,32.95,79.07,23.41,41.05,1174.0,26.38,2.07,5.94,2.3,1.43,1.63,89.0
345,50.19,73.43,18.73,57.62,1022.0,20.93,1.78,5.34,2.33,1.29,1.39,99.0
346,34.57,64.09,15.68,42.88,1190.0,12.64,1.68,4.79,2.16,0.91,1.07,92.0
347,52.06,56.71,13.51,27.66,644.0,11.98,1.33,4.38,1.87,1.29,1.6,85.0
348,39.67,100.76,5.93,22.28,340.0,14.1,1.44,2.72,1.83,1.18,1.46,83.0
349,50.47,56.41,4.71,37.1,617.0,20.54,1.93,3.65,6.68,1.22,1.47,92.0
350,41.04,62.41,10.15,40.72,843.0,22.39,1.55,5.21,17.03,0.97,1.28,95.0
351,56.62,85.88,24.29,57.36,1277.0,29.2,2.67,6.99,17.28,1.61,1.55,103.0
352,42.57,78.99,20.49,49.4,1215.0,21.95,2.08,5.34,17.37,1.43,1.29,105.0
353,60.44,65.74,17.24,43.97,1105.0,26.04,1.44,5.29,20.05,1.17,1.19,97.0
354,48.4,72.52,18.51,53.53,1223.0,30.54,1.18,5.5,21.95,1.33,1.35,102.0
355,49.54,84.48,22.95,65.66,1303.0,34.27,1.32,5.61,20.0,1.96,1.69,104.0
356,49.42,74.68,20.35,55.38,1253.0,36.34,1.62,5.47,24.06,1.58,1.24,96.0
357,61.58,81.49,20.86,56.16,1254.0,44.44,1.29,5.38,36.04,1.41,1.22,114.0
358,68.48,81.97,17.96,51.22,1189.0,24.77,1.25,5.66,40.78,1.12,2.26,110.0
359,57.15,63.84,15.88,42.79,1031.0,18.88,1.2,5.44,41.39,1.12,1.16,109.0
360,76.35,76.37,16.45,42.69,1031.0,14.76,1.54,5.71,59.62,1.15,0.94,115.0
361,85.66,83.91,22.68,56.3,1255.0,41.98,1.77,6.01,59.5,1.21,1.05,149.0
362,49.06,73.13,20.76,54.12,1236.0,24.83,1.58,6.39,31.55,1.43,1.12,122.0
363,48.16,74.0,22.45,59.75,1267.0,21.42,0.85,6.94,31.0,1.59,1.44,91.0
364,71.06,74.39,20.87,61.97,1271.0,26.49,1.49,7.22,36.94,1.53,1.18,131.0
365,56.4,95.08,13.8,51.73,1124.0,14.68,0.69,7.44,55.96,0.91,0.78,101.0
366,53.69,93.92,26.49,73.09,1333.0,16.05,0.76,8.67,34.06,1.88,1.18,92.0
367,62.35,99.34,24.56,77.77,1336.0,16.37,0.96,9.1,47.62,2.36,1.14,108.0
368,64.96,104.62,18.56,77.07,1314.0,14.18,0.89,8.87,50.62,1.95,1.33,109.0
369,70.15,105.12,23.56,79.43,1338.0,16.97,0.85,9.41,36.94,1.92,1.26,114.0
370,68.22,91.74,29.68,68.5,1335.0,16.71,0.93,14.23,45.98,1.25,1.11,121.0
371,68.74,74.3,42.37,53.25,1345.0,26.13,0.79,23.65,23.19,27.62,16.12,116.0
372,67.9,62.77,46.57,51.09,1347.0,22.84,0.66,14.17,8.59,1.01,0.5,117.0
373,79.8,74.11,57.18,64.04,1366.0,21.32,0.79,14.65,10.66,2.62,0.55,143.0
374,76.18,63.19,38.5,46.46,1324.0,11.01,0.8,15.02,14.39,2.29,0.55,168.0
375,61.48,53.24,23.76,39.43,1352.0,10.72,0.78,11.53,19.51,1.67,1.35,122.0
377,70.78,160.0,11.43,55.91,1195.0,12.06,1.02,10.59,24.48,1.56,0.94,146.0
378,75.01,172.02,16.92,70.58,1304.0,19.63,0.84,13.99,22.94,1.56,0.5,152.0
380,77.23,235.32,35.73,83.2,1368.0,16.11,1.02,15.22,22.72,1.36,0.69,130.0
381,68.98,149.82,86.51,110.24,1371.0,10.83,0.78,14.5,17.73,0.97,0.37,253.0
382,73.89,133.08,95.19,77.38,1370.0,16.09,0.97,18.94,20.92,1.05,0.51,219.0
383,75.45,113.92,44.25,72.62,1360.0,20.9,0.98,24.0,23.09,0.67,0.54,146.0
384,78.07,122.54,43.53,45.06,1336.0,28.94,0.97,24.02,17.64,0.95,0.68,170.0
385,53.45,62.27,44.68,34.63,1313.0,43.57,0.93,18.54,20.57,0.62,0.52,117.0
386,63.58,150.78,48.29,41.69,1342.0,26.58,1.15,13.94,22.0,0.84,0.42,113.0
387,57.91,133.63,33.73,29.72,1233.0,16.27,1.08,11.77,11.02,0.81,0.34,146.0
388,41.36,92.58,24.11,35.97,1146.0,14.08,0.99,5.66,15.4,0.76,0.31,102.0
389,51.7,121.42,15.35,51.13,1145.0,19.55,1.23,7.78,18.12,0.64,0.84,98.0
390,54.34,108.47,7.72,45.69,924.0,17.79,1.04,8.68,26.95,0.63,0.59,104.0
391,54.33,76.37,14.67,41.42,1075.0,20.6,1.05,8.73,17.6,0.89,0.7,91.0
392,84.84,50.03,20.32,36.42,1127.0,53.81,1.16,2.96,17.21,1.38,0.81,118.0
393,87.02,83.23,7.3,36.39,736.0,22.43,1.12,3.02,26.32,1.45,0.76,175.0
394,71.42,130.22,8.62,37.09,794.0,20.22,1.21,4.28,23.31,1.02,0.64,149.0
395,119.16,218.27,15.82,48.59,1177.0,33.27,1.32,6.07,23.3,2.02,0.94,183.0
396,84.45,158.01,15.81,55.88,1235.0,30.23,1.85,6.34,17.17,1.16,1.26,184.0
397,76.8,159.14,17.4,55.92,1241.0,27.39,1.39,5.9,15.86,1.84,0.73,156.0
398,75.57,193.59,13.74,62.78,1243.0,23.28,1.9,5.54,25.77,1.72,0.68,153.0
399,74.6,152.36,10.79,49.76,1071.0,22.79,1.6,5.13,28.21,1.67,0.75,141.0
400,72.11,121.86,9.3,49.34,1032.0,21.72,1.37,4.07,31.13,1.4,0.56,139.0
401,63.42,169.11,5.2,45.84,796.0,19.25,1.81,3.74,32.4,0.8,0.56,154.0
402,82.78,351.51,4.31,84.52,1164.0,19.97,3.28,2.76,37.66,0.89,0.66,199.0
403,75.98,154.26,3.23,46.99,650.0,18.87,1.59,3.49,31.18,0.6,0.59,182.0
404,85.33,223.57,6.7,59.41,1005.0,20.89,2.19,9.71,35.63,0.88,0.7,175.0
405,84.32,256.75,5.88,46.66,855.0,20.63,2.2,14.25,49.77,1.36,0.54,191.0
406,91.95,190.47,5.85,45.44,788.0,17.12,2.06,23.66,58.94,2.4,0.9,203.0
407,83.66,164.48,6.15,49.77,837.0,19.85,1.7,5.25,67.3,1.67,0.76,154.0
408,85.96,146.45,8.34,56.54,1089.0,17.34,1.69,4.73,63.27,1.21,0.56,160.0
409,62.08,113.87,20.4,43.41,1220.0,15.09,1.46,3.14,57.1,1.47,0.34,136.0
410,56.57,100.3,10.84,35.08,1100.0,40.86,1.73,4.27,37.83,1.19,0.41,107.0
411,42.58,108.68,9.51,23.5,554.0,27.19,1.51,3.45,31.32,0.68,0.37,88.0
412,49.6,145.32,9.96,24.34,575.0,24.05,1.66,4.46,25.02,0.94,0.34,105.0
414,44.26,146.23,10.47,26.16,622.0,25.75,1.51,3.9,42.53,1.22,0.35,117.0
415,53.12,116.89,9.46,30.94,697.0,29.92,1.47,3.2,36.37,0.98,0.46,113.0
416,57.32,107.54,10.18,34.98,812.0,29.87,1.45,2.88,49.63,1.16,0.5,115.0
417,90.07,127.67,7.72,32.23,675.0,29.34,1.57,3.26,38.32,1.01,0.45,145.0
418,134.69,142.12,4.88,32.14,599.0,30.6,1.12,2.99,42.23,1.08,0.47,177.0
419,110.05,100.07,11.92,38.67,811.0,28.79,0.94,4.85,59.43,0.89,0.58,198.0
420,66.98,100.6,9.08,37.3,805.0,27.07,0.73,6.91,64.9,0.89,0.54,165.0
421,51.96,102.39,10.53,28.51,680.0,24.1,0.94,5.29,37.26,0.51,0.48,124.0
422,36.28,98.29,12.77,41.88,881.0,5.47,0.81,3.09,30.33,0.45,0.2,88.0
423,35.63,115.9,12.59,47.36,744.0,4.09,0.79,3.52,29.08,0.67,0.27,88.0
424,41.64,144.04,11.73,30.64,725.0,3.83,1.01,3.16,39.28,0.74,0.3,105.0
425,39.21,154.64,42.33,42.55,1319.0,13.53,0.84,3.5,37.68,0.81,0.28,118.0
426,42.17,134.78,19.36,33.44,962.0,22.47,0.56,2.24,31.99,0.87,0.32,132.0
427,54.91,148.57,6.3,31.09,519.0,22.73,0.58,1.91,49.42,0.87,0.47,121.0
428,54.04,137.04,9.52,38.09,789.0,21.95,0.62,2.45,42.21,1.02,0.49,136.0
429,55.72,132.73,5.47,31.96,531.0,23.49,1.68,2.36,38.54,0.94,0.37,153.0
430,45.98,120.86,3.63,22.73,276.0,23.84,0.77,2.12,49.65,0.62,0.32,135.0
431,43.69,120.32,4.16,24.23,337.0,23.77,0.58,2.05,45.07,0.63,0.35,111.0
432,44.74,122.4,10.23,41.83,783.0,23.93,1.41,2.82,49.67,0.92,0.43,135.0
433,51.06,150.19,10.44,47.14,978.0,33.25,0.97,4.02,38.62,0.94,0.46,123.0
434,53.1,161.1,13.13,43.2,1114.0,31.23,1.51,3.14,35.52,0.96,0.55,146.0
435,60.7,173.24,13.82,36.11,1088.0,33.7,1.03,3.61,40.0,4.06,1.47,155.0
436,59.53,163.88,7.19,26.64,583.0,26.04,0.86,3.0,58.17,2.83,1.59,144.0
437,64.29,144.67,5.68,21.86,365.0,21.27,0.57,2.75,68.09,1.8,1.2,149.0
438,67.65,148.74,6.95,33.09,587.0,23.37,0.79,2.95,77.42,1.67,1.76,158.0
439,68.48,144.33,15.88,36.46,824.0,24.7,1.28,2.93,47.78,1.68,1.25,175.0
440,76.33,144.2,11.08,39.12,853.0,36.52,1.19,2.85,98.66,3.0,2.51,139.0
441,72.22,151.36,11.89,25.76,534.0,29.15,0.89,3.24,39.82,1.41,1.65,145.0
442,60.58,194.0,7.91,18.32,414.0,26.55,0.96,2.89,35.81,1.49,1.3,151.0
443,98.29,206.35,10.49,32.29,762.0,29.65,1.22,2.53,33.32,2.42,1.62,158.0
445,121.43,164.52,8.95,59.53,1143.0,32.86,0.91,2.47,56.77,1.91,3.13,264.0
446,66.36,190.04,9.51,62.46,1186.0,32.7,0.98,3.93,43.14,1.74,2.25,155.0
447,29.73,186.28,10.09,46.26,1163.0,29.53,0.52,2.38,49.68,1.11,1.05,137.0
448,34.49,180.42,7.52,34.43,690.0,24.5,0.92,3.92,46.87,1.19,1.06,119.0
449,32.59,183.03,4.59,28.33,347.0,22.9,0.9,3.22,55.02,1.85,1.27,137.0
450,56.05,165.97,6.3,29.32,550.0,32.86,2.11,5.56,57.03,2.72,3.04,149.0
451,63.5,175.45,4.97,30.19,530.0,42.56,0.82,5.39,89.88,2.36,2.12,156.0
452,57.92,157.8,6.37,35.15,671.0,50.0,0.86,6.06,48.81,1.95,1.18,123.0
453,48.28,162.1,5.17,23.54,397.0,24.05,0.87,3.42,40.43,1.49,1.17,118.0
454,42.65,142.17,5.45,25.51,463.0,22.67,0.86,4.7,35.06,1.53,1.93,107.0
455,50.78,156.52,5.35,32.46,643.0,23.75,0.82,3.72,44.42,1.85,1.42,111.0
456,49.33,150.05,7.72,35.55,744.0,23.19,0.87,4.51,38.74,2.17,1.61,106.0
457,51.78,159.41,10.62,36.29,815.0,29.64,0.62,2.51,34.73,3.16,2.03,112.0
458,53.54,157.92,8.11,26.49,533.0,19.18,1.0,2.97,34.38,3.58,1.85,110.0
459,54.8,165.25,12.49,39.97,938.0,45.69,0.85,4.65,26.66,4.25,2.3,114.0
460,49.84,215.52,19.66,50.15,1279.0,22.62,1.11,4.27,29.98,3.43,2.08,118.0
461,63.16,254.77,7.65,52.29,769.0,28.88,1.18,3.67,43.57,2.12,1.84,154.0
462,46.24,208.97,3.14,17.79,225.0,23.17,1.19,3.17,67.46,3.08,1.81,179.0
463,34.18,318.02,3.97,17.37,255.0,19.5,1.03,2.2,58.76,1.56,0.9,102.0
464,33.01,152.78,27.61,38.54,1073.0,18.87,1.13,3.61,53.57,1.42,0.94,170.0
465,31.3,144.68,4.2,19.45,302.0,16.4,1.03,2.75,62.4,1.34,0.99,112.0
466,31.68,159.23,4.37,19.05,284.0,20.63,1.86,2.87,58.82,1.78,1.32,138.0
467,36.98,177.82,3.86,14.71,187.0,17.27,1.25,3.1,74.34,2.44,1.9,121.0
468,36.88,159.45,16.58,30.43,832.0,30.91,0.81,5.44,60.73,1.39,1.14,118.0
469,35.46,224.24,9.73,31.64,727.0,25.67,1.08,3.19,109.97,0.98,1.14,171.0
470,35.31,196.65,6.29,18.99,349.0,26.03,1.07,3.9,76.46,1.74,1.19,156.0
471,34.85,171.26,4.84,10.08,141.0,26.81,1.02,3.06,67.25,1.09,1.14,140.0
472,36.9,145.98,3.37,9.89,112.0,24.31,0.78,2.36,77.75,2.29,1.41,114.0
473,38.81,158.75,5.65,16.09,262.0,25.84,1.37,2.74,49.33,3.09,2.52,138.0
474,34.65,134.47,4.35,12.86,184.0,25.01,1.87,2.71,50.77,2.86,2.91,137.0
475,31.89,160.06,4.69,19.53,228.0,25.6,1.65,3.82,62.54,6.46,4.3,134.0
476,33.61,168.98,5.82,13.97,249.0,22.65,0.64,6.92,65.97,9.52,6.04,119.0
477,34.83,130.54,6.28,10.21,201.0,26.41,0.94,4.09,48.47,9.6,5.93,98.0
478,39.01,107.52,9.13,19.84,513.0,27.43,0.98,3.9,49.78,14.91,7.88,107.0
479,39.53,92.73,7.26,19.55,413.0,20.86,2.09,4.16,47.44,16.39,8.95,150.0
480,37.17,103.22,6.77,16.25,342.0,25.49,0.71,3.39,47.77,5.19,4.95,94.0
481,39.88,68.46,7.67,21.35,430.0,24.94,0.72,3.74,56.94,11.29,6.26,85.0
482,32.59,56.09,5.91,22.96,418.0,19.65,1.53,5.23,43.48,3.72,3.43,115.0
483,47.42,54.05,20.84,22.55,1098.0,18.06,0.6,5.65,39.29,7.21,11.94,74.0
484,48.78,58.28,5.64,23.05,441.0,17.12,0.67,4.34,47.83,8.11,5.52,88.0
485,46.6,59.08,9.97,20.19,655.0,17.48,0.82,4.12,53.75,5.29,3.32,86.0
486,35.86,63.4,4.47,23.12,426.0,16.11,0.49,4.17,74.38,5.35,4.4,87.0
487,39.87,63.61,8.72,28.17,516.0,19.71,0.62,5.62,68.49,5.57,4.86,99.0
488,40.79,63.42,6.61,43.48,831.0,20.1,0.6,4.37,46.14,4.44,7.41,80.0
489,57.96,56.57,4.08,32.02,518.0,16.71,0.55,4.58,45.77,3.68,5.24,102.0
490,46.0,58.14,13.5,34.28,743.0,17.66,0.66,7.17,40.96,6.79,6.71,76.0
491,23.99,35.12,2.85,19.03,252.0,16.79,1.15,4.1,95.21,1.74,2.88,59.0
492,27.21,44.02,26.89,34.02,1140.0,17.82,0.69,3.15,53.32,2.45,5.18,67.0
493,26.43,42.02,69.97,75.84,1354.0,16.68,0.6,2.89,52.09,1.77,4.01,107.0
494,20.46,34.82,6.44,26.1,420.0,16.5,0.6,3.66,58.13,3.77,5.69,95.0
495,32.5,230.2,5.74,20.91,358.0,16.75,0.99,4.01,50.62,2.74,6.69,72.0
496,57.81,50.58,4.39,12.56,161.0,16.13,0.88,3.11,45.59,2.98,6.78,91.0
497,31.19,54.8,7.37,14.44,320.0,19.08,0.67,3.77,54.95,2.79,7.96,88.0
498,34.06,45.82,5.54,10.89,150.0,23.06,0.72,4.08,70.86,3.24,5.73,86.0
501,27.01,39.39,6.67,18.35,407.0,19.96,0.91,4.16,22.93,3.3,3.76,50.0
502,36.67,42.55,5.28,21.65,394.0,11.28,0.61,3.71,20.18,2.48,4.97,74.0
503,27.51,41.15,11.01,23.46,605.0,36.19,0.47,5.04,20.14,2.43,7.06,47.0
504,28.47,29.97,2.66,5.53,46.0,7.22,0.56,4.42,32.59,1.54,2.92,46.0
505,22.27,33.48,2.09,10.54,89.0,7.84,0.52,3.81,30.79,1.32,3.34,48.0
506,42.52,41.96,1.96,8.91,72.0,8.66,0.42,4.46,29.76,1.35,3.81,35.0
507,152.94,43.16,1.41,9.86,76.0,9.56,1.08,3.36,27.96,1.99,12.03,83.0
508,28.65,52.72,1.84,11.01,100.0,9.71,0.78,3.91,32.6,2.03,5.53,173.0
509,25.75,40.98,1.55,6.83,45.0,10.37,0.42,4.91,31.86,1.28,3.75,50.0
533,33.9,48.51,5.99,18.94,350.0,38.77,0.97,3.39,14.93,1.75,9.06,28.0
534,31.98,80.7,7.93,20.46,470.0,34.41,3.8,4.05,9.69,1.59,4.16,156.0
535,26.77,105.43,6.42,15.29,219.0,31.78,4.02,4.64,11.99,1.01,2.51,195.0
536,27.61,72.63,9.28,21.69,449.0,37.12,2.12,4.5,10.92,1.16,1.58,137.0
538,29.83,23.86,5.48,17.61,300.0,32.55,0.33,1.79,31.87,1.57,2.94,77.0
539,19.0,15.46,3.39,16.91,194.0,32.35,1.61,1.9,53.33,1.11,2.73,143.0
540,15.04,23.51,3.91,17.15,186.0,30.59,5.43,1.73,65.62,0.95,1.96,181.0
543,16.54,48.92,9.12,26.15,571.0,43.21,3.02,2.1,45.27,1.27,2.65,33.0
544,27.23,34.13,8.54,23.71,637.0,45.56,3.63,1.87,38.45,1.08,2.2,151.0
545,115.98,17.1,8.59,24.19,558.0,44.18,2.48,1.58,39.09,0.97,2.58,174.0
546,13.95,48.92,7.33,20.42,444.0,37.66,3.55,1.86,39.53,0.95,1.91,154.0
547,25.0,35.36,5.42,19.59,507.0,41.94,5.62,1.26,44.86,0.87,1.8,208.0
548,31.8,9.93,3.27,15.96,210.0,35.09,6.28,1.1,51.84,0.79,2.05,192.0
549,17.36,30.52,10.96,20.82,428.0,29.15,7.87,1.54,42.29,0.77,2.03,238.0
550,19.4,112.27,12.8,23.11,548.0,32.37,4.04,1.86,33.37,1.07,2.26,160.0
551,18.36,57.25,10.01,19.9,501.0,31.94,2.27,2.18,35.67,0.53,0.53,83.0
591,21.57,97.04,5.63,14.87,111.0,40.59,3.59,1.75,19.82,4.29,2.84,38.0
606,27.16,59.6,4.61,20.93,41.0,40.64,0.77,4.62,28.48,1.94,26.35,47.0
608,35.17,51.69,3.61,19.08,14.0,40.41,0.42,3.7,20.34,10.7,68.02,49.0
618,43.95,68.24,4.78,19.99,6.0,104.81,0.57,3.55,28.99,0.95,2.47,84.0
619,24.72,57.37,4.12,21.18,0.0,43.84,0.36,3.77,22.02,0.47,0.26,64.0
621,23.04,48.92,5.23,12.98,7.0,43.25,0.41,9.3,44.94,0.77,0.17,60.0
622,13.59,45.66,3.62,21.47,17.0,43.42,0.52,2.96,36.66,0.59,0.26,60.0
623,11.1,41.09,8.1,29.29,526.0,39.83,0.97,3.76,39.12,0.56,6.38,74.0
624,32.23,57.94,10.28,32.53,1356.0,13.14,0.89,7.68,22.05,0.34,2.14,66.0
625,41.01,79.93,8.32,25.42,63.0,5.14,0.8,4.59,36.26,0.67,0.27,70.0
627,26.31,49.89,4.44,30.0,295.0,24.8,0.25,3.38,19.1,0.82,0.36,58.0
628,32.98,44.55,4.23,26.31,292.0,30.77,0.2,4.3,16.09,0.81,0.35,47.0
629,43.4,33.79,4.89,26.08,151.0,55.78,0.38,5.07,17.18,1.0,0.39,40.0
630,32.46,52.66,4.99,23.58,238.0,35.92,0.52,4.53,22.04,1.96,4.97,58.0
631,26.6,103.69,6.32,21.48,160.0,120.07,0.46,5.37,16.37,5.2,1.46,76.0
632,39.41,102.24,7.88,29.0,220.0,84.68,0.52,3.87,10.98,0.5,2.27,102.0
634,16.88,116.82,4.73,33.42,25.0,49.59,0.71,4.02,13.28,0.66,3.4,90.0
636,46.14,95.12,5.1,26.83,541.0,28.28,1.08,5.66,14.51,0.89,4.03,83.0
637,55.24,71.0,5.51,26.2,819.0,36.38,1.13,4.08,15.05,0.66,2.89,114.0
638,75.42,121.03,3.75,17.34,95.0,55.12,0.46,4.5,31.09,0.4,1.68,150.0
646,27.31,91.1,10.57,25.65,62.0,38.9,0.56,4.59,23.0,0.33,1.18,91.0
647,13.51,85.18,7.51,27.68,36.0,15.05,1.11,4.26,15.26,0.33,0.93,83.0
648,18.96,72.83,6.87,26.66,39.0,15.09,0.85,4.12,14.68,0.32,0.97,129.0
649,14.61,70.21,6.43,24.16,59.0,15.11,0.73,3.97,15.67,0.36,1.42,78.0
650,21.3,74.85,9.64,28.0,52.0,15.12,1.08,4.5,15.17,0.6,2.55,75.0
651,25.15,66.38,14.37,31.42,39.0,15.12,1.97,3.65,12.04,0.38,1.37,141.0
658,62.36,181.92,16.5,38.24,28.0,15.14,0.37,6.46,23.58,2.63,3.25,75.0
659,62.74,191.9,16.25,35.42,185.0,19.99,1.12,8.07,23.86,2.87,0.91,132.0
660,97.17,195.61,15.42,33.75,174.0,39.56,0.75,10.52,10.54,3.28,0.54,176.0
661,67.85,184.81,17.7,38.05,152.0,24.4,1.2,7.36,31.08,3.12,1.78,184.0
662,58.78,179.79,17.97,41.96,99.0,23.24,1.18,9.87,22.16,1.38,2.0,127.0
663,80.99,224.1,14.17,36.1,269.0,33.13,1.64,8.46,22.28,1.25,2.84,163.0
664,68.17,116.92,8.27,44.78,543.0,40.67,1.16,4.9,25.13,1.07,1.84,164.0
665,59.61,137.68,8.04,46.57,453.0,37.52,0.83,4.28,29.54,1.01,1.44,132.0
666,62.38,123.91,12.29,46.43,385.0,34.9,0.8,9.04,44.86,0.65,1.39,116.0
667,78.74,130.99,10.07,44.4,309.0,35.3,3.1,4.31,45.04,1.07,1.94,174.0
668,60.79,130.15,9.82,38.53,205.0,41.04,2.97,3.75,23.8,1.77,4.15,188.0
669,36.92,95.71,13.39,34.8,82.0,38.42,0.55,4.92,21.69,0.47,1.31,88.0
671,31.26,142.2,16.42,39.54,32.0,36.28,0.42,3.29,26.39,0.93,2.07,57.0
672,34.79,111.6,22.62,41.17,121.0,37.76,1.37,2.49,25.26,0.69,3.73,82.0
673,55.92,118.8,12.26,37.52,355.0,36.05,0.85,4.84,30.68,1.81,3.24,88.0
674,55.03,117.02,8.25,29.98,0.0,28.78,1.16,4.69,34.67,2.3,3.01,111.0
675,41.23,69.46,2.8,27.4,0.0,27.28,0.7,3.85,37.6,1.9,2.37,90.0
676,43.91,100.27,3.56,31.23,0.0,29.92,0.83,2.83,36.94,1.63,2.44,78.0
677,52.08,109.02,8.9,32.63,94.0,29.57,0.83,6.29,37.14,1.28,2.0,94.0
678,46.94,120.41,7.62,28.38,0.0,28.86,0.62,5.16,46.92,1.16,2.21,95.0
679,49.03,130.54,8.22,30.8,0.0,27.67,0.76,6.34,62.56,1.44,2.65,112.0
680,57.78,150.94,10.46,41.03,0.0,29.6,0.73,7.64,71.14,1.39,2.11,124.0
681,52.72,127.44,7.61,37.57,0.0,30.49,0.72,8.28,77.53,1.02,1.64,122.0
682,38.42,121.18,10.83,38.81,0.0,39.82,0.63,4.93,57.77,0.75,1.49,99.0
683,29.96,82.83,10.55,36.67,0.0,31.52,0.37,5.26,14.2,0.62,1.54,44.0
684,27.64,56.85,7.72,25.66,0.0,14.03,0.91,5.02,15.65,0.79,1.91,38.0
685,35.8,130.25,10.26,25.46,0.0,24.15,1.9,5.08,22.33,0.78,4.12,102.0
686,40.13,133.97,11.92,34.52,0.0,34.63,0.99,2.97,48.83,0.67,1.26,189.0
687,43.6,135.71,8.35,30.86,0.0,24.55,0.57,2.5,56.67,0.8,1.74,101.0
690,102.01,182.79,14.76,44.31,0.0,31.02,0.69,3.9,44.48,1.09,1.9,120.0
691,91.6,141.03,9.41,31.76,0.0,39.39,3.0,7.56,16.37,1.97,2.56,101.0
692,47.76,173.09,10.82,39.92,0.0,39.88,2.6,6.66,33.28,3.07,7.77,335.0
693,86.62,152.15,9.06,32.55,0.0,19.16,1.05,4.88,46.95,6.35,6.71,140.0
694,46.12,158.04,12.75,33.94,0.0,17.7,1.22,4.01,43.76,5.39,2.86,133.0
695,46.87,164.12,14.9,36.46,0.0,17.32,0.89,3.63,38.04,7.38,3.73,113.0
696,53.71,171.52,17.18,37.49,0.0,17.2,0.85,3.52,35.33,8.44,3.73,117.0
697,49.9,176.99,15.78,38.97,0.0,27.25,0.67,6.79,26.27,8.92,5.41,124.0
698,59.3,194.37,11.64,37.55,0.0,27.55,0.81,11.63,31.34,11.69,4.73,120.0
699,49.69,170.26,9.74,31.49,0.0,26.58,1.88,5.34,28.52,8.45,4.38,160.0
700,45.84,137.86,12.77,26.72,0.0,27.97,0.87,4.93,39.83,6.72,3.94,114.0
701,22.14,78.55,10.95,26.06,0.0,30.0,0.72,3.55,20.83,3.61,9.26,103.0
702,18.3,102.86,14.52,30.35,0.0,37.49,0.82,4.06,11.42,2.54,2.86,67.0
703,24.44,136.05,10.4,23.2,0.0,28.44,1.66,3.15,8.61,2.4,3.85,125.0
704,23.63,124.78,14.4,30.2,0.0,29.23,2.95,4.43,9.8,2.5,7.48,209.0
705,36.97,155.51,14.79,44.45,0.0,27.6,1.7,3.0,15.37,3.56,5.03,200.0
706,40.72,132.73,14.55,44.74,0.0,26.04,0.65,3.63,20.32,4.71,2.45,101.0
707,32.59,128.54,15.8,43.67,0.0,26.6,0.69,5.58,16.42,3.78,2.55,85.0
708,44.96,135.0,10.65,40.56,0.0,24.42,1.19,6.68,13.5,3.79,4.98,163.0
709,30.37,124.8,7.35,37.24,0.0,24.0,0.46,3.47,6.73,5.57,5.58,75.0
710,24.98,138.06,10.07,42.15,0.0,32.37,1.76,8.15,8.43,4.45,4.65,132.0
711,42.19,131.75,4.07,25.22,0.0,28.36,1.46,6.85,22.58,1.85,1.74,119.0
713,30.72,180.88,8.36,23.41,0.0,25.14,0.54,2.62,22.5,1.8,2.04,104.0
714,28.47,142.64,14.16,37.05,0.0,27.42,1.15,3.72,12.13,1.86,3.39,93.0
715,34.57,137.45,14.64,37.38,0.0,36.2,1.39,4.25,7.08,2.58,3.04,134.0
716,36.97,143.58,8.67,38.93,0.0,23.44,1.63,4.35,13.37,2.78,5.85,103.0
717,35.21,130.91,7.48,40.15,0.0,28.81,0.79,4.81,26.23,2.87,5.5,90.0
718,37.8,144.73,8.19,40.9,0.0,20.01,0.73,4.27,25.9,2.82,5.5,97.0
719,19.09,121.19,6.35,35.67,0.0,18.42,0.71,3.75,18.88,2.96,4.76,93.0
720,19.68,99.9,6.17,24.18,0.0,16.41,0.46,4.19,16.53,3.26,4.52,74.0
721,39.64,176.96,7.26,30.67,0.0,17.54,0.28,4.74,28.61,4.78,7.43,75.0
722,43.67,150.64,15.23,72.51,0.0,17.39,0.74,7.81,37.75,9.07,13.98,100.0
723,57.79,141.76,14.19,79.24,0.0,18.3,0.62,7.79,11.26,7.52,5.94,112.0
724,39.11,145.35,5.4,46.39,0.0,17.31,0.71,4.93,52.62,3.93,3.64,114.0
725,34.02,121.66,7.15,49.47,0.0,17.08,0.84,5.17,34.44,3.63,4.39,104.0
726,53.5,111.09,5.22,41.33,0.0,16.9,0.7,7.04,23.74,3.94,3.79,90.0
727,38.53,80.87,2.34,20.7,0.0,17.07,0.2,4.32,17.27,3.16,2.63,84.0
730,40.96,128.38,9.9,47.25,0.0,17.59,0.74,4.92,41.16,2.76,2.06,106.0
732,19.61,105.34,8.81,40.94,0.0,17.62,0.68,4.93,29.95,2.35,2.36,83.0
733,26.66,106.4,9.8,49.02,0.0,19.41,0.74,4.95,31.55,4.07,4.61,87.0
734,36.93,118.86,6.9,38.48,0.0,24.85,0.76,4.58,39.09,4.02,3.48,91.0
735,36.09,114.62,7.03,36.01,0.0,25.09,0.63,4.57,35.78,3.12,3.3,85.0
736,41.53,131.53,7.88,39.13,0.0,24.47,0.59,4.32,39.95,3.62,3.19,88.0
737,47.48,140.54,7.12,40.87,0.0,25.17,0.79,5.57,43.82,3.83,2.83,106.0
738,37.61,124.94,4.72,33.21,0.0,25.52,0.67,4.83,39.25,2.71,2.18,95.0
739,43.11,136.23,8.29,44.61,0.0,24.41,0.86,8.12,38.14,6.53,3.66,87.0
740,74.1,125.23,4.58,37.38,0.0,24.92,0.61,5.51,59.48,4.82,4.63,130.0
741,42.42,142.13,6.56,47.35,0.0,25.29,1.02,5.96,56.92,4.81,3.79,132.0
742,24.26,140.88,7.53,44.12,0.0,26.47,0.68,3.72,52.42,3.02,3.19,110.0
743,31.22,108.09,4.05,26.86,0.0,26.04,0.55,3.67,50.8,2.17,2.0,91.0
746,31.65,128.58,7.04,34.1,0.0,23.82,0.53,5.25,53.3,2.18,1.69,66.0
754,41.55,121.2,8.58,45.39,0.0,23.95,5.28,6.23,51.39,2.05,1.58,100.0
755,34.96,114.94,7.97,41.5,0.0,23.3,6.42,4.81,49.67,2.57,1.42,168.0
756,27.04,109.75,5.55,28.01,0.0,24.99,7.32,3.67,47.81,1.7,1.05,182.0
757,23.36,87.39,12.36,46.38,0.0,27.95,8.19,5.81,19.01,2.07,1.46,174.0
760,31.79,83.98,10.38,40.89,0.0,24.82,7.54,4.51,34.35,1.73,1.85,230.0
761,37.81,81.51,6.94,40.55,0.0,24.8,1.55,7.85,47.14,1.45,2.19,97.0
762,27.42,81.76,8.06,43.93,0.0,23.83,1.87,8.57,39.53,1.53,1.85,101.0
763,49.35,82.75,8.73,58.2,0.0,22.26,6.34,5.18,72.53,1.27,1.7,94.0
764,32.16,93.4,5.83,43.39,0.0,22.29,15.93,3.37,50.44,2.59,1.84,207.0
767,32.73,117.9,7.98,45.2,0.0,21.39,15.22,4.71,60.34,3.02,2.18,273.0
768,43.1,102.65,10.78,64.19,0.0,20.74,12.47,6.59,65.58,4.88,2.15,238.0
769,41.94,91.18,6.83,45.34,0.0,20.2,9.04,7.24,64.64,4.01,5.09,200.0
770,38.04,103.85,6.81,45.51,0.0,21.68,0.58,6.22,12.28,3.56,5.01,69.0
771,36.09,102.51,6.31,41.63,0.0,20.99,0.66,7.38,13.96,3.61,3.64,77.0
772,29.54,93.69,8.73,51.47,0.0,21.44,1.01,5.61,41.88,2.29,2.63,109.0
773,27.65,81.87,10.35,57.48,0.0,22.83,0.68,5.79,43.53,3.81,4.09,80.0
783,42.13,116.85,9.87,51.89,0.0,21.67,1.11,17.04,66.01,4.17,4.38,106.0
784,44.09,107.48,13.23,49.76,0.0,22.22,0.38,9.22,45.32,5.63,4.01,99.0
785,42.73,92.91,10.08,47.21,0.0,21.92,0.4,9.04,21.94,3.49,3.12,83.0
786,40.96,86.08,8.08,35.46,0.0,22.93,0.34,7.42,19.64,3.33,2.81,75.0
787,35.66,90.69,7.38,32.39,0.0,24.05,0.39,7.69,34.75,1.69,1.88,73.0
788,37.55,85.57,8.72,38.99,0.0,22.87,0.46,7.0,25.64,1.71,1.67,70.0
789,31.19,87.32,8.91,43.09,0.0,22.97,0.46,6.84,27.08,2.18,1.88,71.0
790,39.98,98.33,28.97,72.79,0.0,107.53,0.36,6.83,32.88,2.42,1.66,71.0
791,36.36,85.55,14.27,51.16,0.0,24.18,0.38,6.54,22.95,4.52,1.77,75.0
792,29.87,89.98,8.12,40.71,0.0,26.25,1.01,6.43,22.65,2.34,2.09,104.0
793,28.41,75.22,11.64,41.35,0.0,26.53,0.53,8.16,13.85,1.39,1.55,57.0
794,23.15,78.15,5.99,25.6,0.0,27.95,0.39,7.12,20.8,1.67,1.71,59.0
795,26.67,74.17,6.52,29.12,0.0,31.01,0.35,6.61,19.79,1.52,1.67,54.0
796,27.87,81.97,9.75,38.6,0.0,34.12,0.35,5.4,25.64,1.43,1.53,59.0
797,31.78,84.76,9.48,41.89,0.0,30.12,0.79,8.94,29.59,2.27,2.41,102.0
798,32.53,98.45,7.46,38.79,0.0,35.13,0.35,6.8,16.07,2.28,2.54,72.0
799,29.4,71.8,5.62,22.5,0.0,42.48,0.21,5.47,29.37,1.71,1.42,66.0
800,28.94,76.71,6.79,25.81,0.0,28.2,0.22,5.57,26.56,2.13,1.74,56.0
801,27.07,65.19,7.54,28.21,0.0,26.09,0.13,5.54,30.11,2.31,2.27,66.0
802,42.64,98.52,6.48,26.88,0.0,30.64,0.26,6.36,19.9,2.08,1.72,55.0
803,21.93,70.51,7.72,25.17,0.0,34.32,0.46,3.91,11.13,1.02,1.18,69.0
804,17.99,66.24,7.98,23.84,0.0,33.53,0.28,4.61,8.93,0.86,0.94,44.0
805,27.59,63.81,11.33,23.73,0.0,26.96,0.21,4.77,28.92,0.97,1.39,54.0
806,39.28,107.17,6.33,30.51,0.0,27.37,0.16,4.14,47.72,2.98,3.49,98.0
807,32.33,87.57,6.96,30.75,0.0,25.99,0.78,7.59,66.57,1.96,2.19,99.0
808,32.31,81.68,4.96,21.08,0.0,25.66,0.2,5.33,57.26,2.21,2.61,95.0
809,38.73,105.25,6.29,29.11,0.0,26.78,0.3,4.51,60.19,2.19,2.05,87.0
810,36.42,95.55,6.75,30.76,0.0,26.49,0.48,5.53,42.51,1.96,1.83,83.0
811,43.96,105.81,6.52,32.28,0.0,23.98,0.55,6.87,36.22,2.42,4.92,74.0
812,44.26,102.04,8.71,41.3,0.0,24.06,0.68,8.28,42.18,2.38,2.57,89.0
813,67.75,107.42,7.38,39.52,0.0,20.33,0.48,7.14,43.89,2.85,2.18,140.0
814,47.51,114.14,11.76,40.07,0.0,20.79,0.56,9.41,52.37,4.72,2.82,104.0
815,53.63,116.45,7.44,35.29,0.0,22.33,0.3,12.82,68.34,1.62,1.72,99.0
816,40.42,114.11,5.59,27.16,0.0,22.04,0.13,3.65,45.77,2.63,2.06,90.0
817,55.94,105.81,4.71,30.4,0.0,25.2,0.25,4.77,40.7,3.39,2.75,82.0
818,41.83,89.06,2.7,23.82,0.0,28.76,0.32,3.28,52.94,2.47,2.03,112.0
819,46.83,69.68,3.32,27.69,0.0,25.74,0.14,2.48,47.33,2.25,2.44,90.0
820,55.9,94.22,5.13,37.77,0.0,22.44,0.26,2.53,53.42,2.96,2.9,112.0
821,51.65,108.37,5.59,37.78,0.0,24.02,0.51,2.79,61.72,3.85,2.95,124.0
822,32.61,104.58,5.32,30.53,0.0,28.54,0.48,2.59,66.27,1.93,1.65,113.0
823,39.37,106.07,9.79,41.21,0.0,26.81,0.68,2.79,68.42,2.01,1.43,117.0
824,36.85,99.33,3.61,25.76,0.0,25.66,0.54,2.3,72.54,2.55,2.12,120.0
825,29.5,78.34,3.71,20.83,0.0,27.27,0.44,2.0,69.06,1.78,1.55,94.0
826,29.52,92.48,6.17,19.83,0.0,27.92,0.33,2.28,66.84,2.09,1.9,110.0
827,31.08,79.87,5.33,24.61,0.0,28.02,0.46,2.65,68.4,2.98,2.25,94.0
828,36.66,103.5,7.3,34.42,0.0,26.68,0.68,2.8,45.04,3.19,2.75,82.0
829,29.29,89.11,7.08,28.32,0.0,25.78,0.48,2.54,37.96,1.78,1.69,75.0
830,43.0,90.64,8.28,34.64,0.0,29.59,0.74,3.03,60.0,1.93,1.41,99.0
831,31.18,92.2,7.17,34.13,0.0,28.14,0.44,2.39,60.0,2.44,1.74,99.0
833,50.54,105.34,7.07,37.62,0.0,24.73,0.56,4.26,75.93,2.92,2.3,108.0
834,51.33,104.38,6.96,39.64,0.0,24.12,0.55,5.03,63.27,3.62,1.96,107.0
835,35.01,101.83,9.78,45.01,0.0,24.52,0.69,6.77,60.39,2.4,1.76,106.0
837,34.86,79.44,5.28,27.93,0.0,31.55,0.44,5.81,83.69,1.32,0.64,86.0
838,38.46,66.4,4.73,24.41,0.0,28.01,0.44,5.07,91.3,2.24,2.3,77.0
839,38.13,84.63,6.11,25.49,0.0,31.93,0.52,4.74,81.46,1.38,1.07,92.0
840,29.75,56.29,5.45,24.78,0.0,28.87,0.43,4.71,47.22,2.53,1.39,81.0
841,21.53,80.41,4.21,24.41,0.0,35.77,0.47,4.71,54.16,1.38,1.14,75.0
842,25.46,62.1,4.85,22.79,0.0,30.19,0.45,4.83,24.41,1.19,1.02,64.0
843,28.49,74.8,2.67,23.6,0.0,27.92,0.08,3.68,7.03,1.51,1.41,50.0
845,29.88,108.62,3.54,31.4,0.0,28.23,0.19,3.52,27.0,1.53,1.12,66.0
846,33.95,110.88,4.52,42.65,0.0,27.58,0.7,3.86,48.16,1.87,1.7,92.0
847,40.01,100.72,7.39,38.94,0.0,28.45,0.67,5.61,27.84,3.71,2.69,87.0
848,62.07,84.02,4.72,32.77,0.0,27.29,0.49,4.4,61.69,1.52,1.44,96.0
849,38.44,76.53,8.49,39.84,0.0,28.89,0.44,5.15,43.66,1.44,1.64,139.0
851,20.32,80.58,6.21,31.84,0.0,25.82,0.39,4.82,39.36,0.96,0.75,77.0
852,24.2,78.44,8.2,41.08,0.0,26.1,0.35,4.88,24.89,0.92,0.85,60.0
854,42.2,90.14,12.03,43.35,0.0,22.96,0.47,5.54,17.45,1.59,1.55,94.0
855,28.27,85.96,8.55,42.47,0.0,31.0,0.62,5.76,6.19,2.33,1.76,80.0
857,30.26,76.29,6.46,29.37,0.0,22.61,0.4,5.31,29.52,2.69,1.0,98.0
858,27.66,57.56,6.67,31.17,0.0,29.12,0.43,4.16,52.55,2.34,1.14,82.0
859,32.01,57.82,4.81,31.86,0.0,30.32,0.23,3.67,33.71,1.6,1.22,69.0
860,23.19,74.07,4.28,32.79,0.0,31.83,0.18,2.54,25.26,0.75,0.73,41.0
861,28.52,35.51,5.81,39.12,0.0,22.39,0.42,8.55,36.74,1.06,1.26,53.0
862,50.58,62.09,5.9,23.23,0.0,11.61,0.52,15.38,10.9,0.98,1.49,68.0
863,120.56,73.92,6.92,26.63,0.0,11.24,0.49,8.45,18.96,1.66,1.58,156.0
864,25.22,73.47,6.26,30.63,0.0,18.05,0.54,3.65,16.82,1.37,1.28,101.0
865,14.94,50.05,5.02,26.57,0.0,18.34,0.52,3.52,38.46,0.84,0.82,52.0
866,19.1,65.84,3.8,29.5,0.0,17.72,0.36,3.83,34.53,1.46,1.27,56.0
867,22.93,65.3,3.62,26.74,0.0,18.17,0.38,3.73,45.09,1.03,0.91,67.0
868,36.58,59.73,4.78,27.92,0.0,15.07,0.66,3.32,13.13,1.06,0.98,70.0
869,20.87,45.38,5.6,32.01,0.0,18.85,0.56,3.49,21.6,1.15,1.25,64.0
870,17.43,68.76,9.54,37.75,0.0,23.79,0.37,3.49,21.87,1.43,1.17,50.0
871,12.53,50.36,8.01,34.15,0.0,23.65,0.37,3.51,23.31,0.9,0.79,59.0
872,16.58,69.24,8.33,33.06,0.0,23.78,0.33,2.99,13.76,1.32,1.25,44.0
873,25.83,63.33,8.79,37.11,0.0,24.31,0.41,3.57,20.05,1.28,1.23,58.0
874,19.58,58.26,5.7,30.27,0.0,23.85,0.33,3.77,26.67,1.32,1.43,62.0
875,21.39,59.53,6.42,29.53,0.0,23.75,0.38,3.75,16.72,1.21,1.16,57.0
876,24.85,69.0,6.67,26.78,0.0,23.65,0.41,3.65,11.46,0.68,0.58,66.0
877,18.21,44.46,7.45,29.32,0.0,23.57,0.42,3.6,18.34,0.93,1.14,47.0
878,19.75,52.33,6.48,25.4,0.0,23.46,0.28,3.66,12.12,0.62,0.59,41.0
879,21.08,60.65,6.93,26.89,0.0,23.67,0.34,3.32,9.02,0.56,0.39,43.0
880,23.2,56.28,4.93,25.22,0.0,23.64,0.26,3.33,9.85,0.59,0.44,46.0
881,22.87,77.5,4.43,27.67,0.0,23.73,0.17,3.09,9.92,0.65,0.42,42.0
882,22.79,59.56,5.31,31.62,0.0,23.75,0.68,4.57,10.13,0.68,0.58,54.0
883,20.19,60.05,5.35,32.25,0.0,23.66,0.35,3.89,8.69,0.67,0.42,52.0
884,20.98,56.9,7.0,33.91,0.0,23.86,0.3,3.08,8.19,0.57,0.25,42.0
886,21.81,82.88,4.91,31.17,0.0,23.75,0.98,4.21,8.38,0.9,0.78,29.0
887,22.93,49.92,4.85,30.17,0.0,23.64,0.85,3.86,7.92,0.93,0.94,54.0
888,22.94,32.85,7.4,27.88,0.0,23.83,0.53,4.37,10.29,0.82,0.88,47.0
889,20.75,75.64,3.35,25.47,0.0,23.61,0.59,4.56,14.64,0.84,1.07,51.0
890,23.65,82.24,5.32,27.84,0.0,23.79,0.65,4.59,19.12,0.87,0.95,55.0
891,19.78,91.96,7.02,31.35,0.0,23.65,0.61,4.87,19.88,0.6,0.57,54.0
892,16.51,77.75,7.41,30.97,0.0,23.52,0.54,4.72,19.08,0.46,0.39,51.0
893,19.12,65.59,7.04,28.24,0.0,23.68,0.58,4.79,19.47,0.68,0.57,45.0
894,21.6,100.65,6.02,28.56,0.0,23.7,0.8,4.33,19.68,0.71,0.61,44.0
895,19.77,95.84,6.27,29.47,0.0,23.66,0.63,4.24,21.06,0.63,0.57,59.0
896,24.56,112.8,7.97,31.52,0.0,23.69,0.87,4.74,20.85,0.7,0.9,76.0
897,24.66,89.59,9.56,31.25,0.0,23.91,0.62,5.71,18.43,1.0,1.93,65.0
898,24.18,87.23,7.17,30.54,0.0,23.92,0.56,4.36,20.06,0.94,1.87,60.0
899,17.82,92.85,3.68,26.38,0.0,23.74,0.63,5.21,9.1,0.72,0.78,57.0
900,16.61,85.76,4.02,25.73,0.0,23.76,0.58,4.74,10.17,1.03,1.11,50.0
901,24.03,90.54,3.55,25.75,0.0,23.87,0.61,6.85,7.75,1.0,0.85,53.0
902,19.58,110.37,3.13,30.5,0.0,23.87,0.6,7.44,13.04,0.79,0.78,70.0
903,21.05,71.41,3.57,26.66,0.0,23.97,0.62,5.8,8.43,0.92,0.81,60.0
904,24.53,38.64,9.1,30.26,0.0,23.86,0.58,7.02,13.82,0.68,0.54,54.0
905,25.35,123.16,19.79,45.04,0.0,35.99,0.55,6.42,10.04,0.6,0.46,60.0
906,25.16,89.68,17.58,39.31,0.0,31.68,0.56,5.68,7.84,0.58,0.49,71.0
907,31.13,96.37,12.54,37.52,0.0,31.96,1.16,7.96,8.44,1.73,1.44,138.0
908,37.61,111.77,13.6,38.89,0.0,31.97,0.83,6.63,8.39,0.52,0.43,78.0
909,37.34,97.49,10.09,34.73,0.0,32.02,0.6,6.63,8.99,0.51,0.4,82.0
910,36.44,78.38,12.12,31.89,0.0,32.05,0.42,6.62,9.92,0.54,0.41,76.0
911,35.4,107.39,15.16,33.89,0.0,31.99,0.69,6.63,10.32,0.59,0.44,76.0
912,25.33,129.55,24.27,39.99,0.0,31.77,0.67,7.11,11.34,0.67,0.4,92.0
913,30.07,110.45,54.79,68.84,0.0,90.01,1.64,6.55,10.47,0.67,1.96,160.0
914,25.82,93.48,43.48,68.34,0.0,104.87,0.69,6.23,10.21,0.76,0.49,92.0
919,313.59,120.31,24.05,32.94,0.0,29.43,0.69,4.97,9.39,1.09,0.73,108.0
920,35.29,109.11,17.04,31.08,0.0,32.09,0.6,5.16,9.34,0.78,0.5,112.0
921,33.44,102.45,13.86,29.55,0.0,32.39,0.63,5.33,10.61,0.8,0.56,102.0
922,29.38,88.16,17.23,29.5,0.0,30.96,0.64,4.09,12.44,0.74,0.63,78.0
923,27.64,76.48,12.48,26.82,0.0,27.05,0.68,5.16,18.42,1.0,1.04,67.0
924,28.97,95.74,16.61,30.58,0.0,27.1,1.53,4.45,24.82,0.81,0.69,74.0
925,22.68,96.47,13.31,30.3,0.0,26.36,0.67,5.41,47.62,0.69,0.54,72.0
926,22.43,112.32,16.15,32.43,0.0,26.88,0.6,7.9,47.14,0.73,0.57,82.0
927,17.2,98.67,13.34,31.1,0.0,26.78,0.52,6.3,23.82,0.59,0.41,61.0
928,21.05,110.36,11.56,30.06,0.0,26.87,0.58,4.72,44.94,0.66,0.42,68.0
929,18.45,82.75,12.68,29.79,0.0,26.88,0.62,4.58,27.09,0.59,0.49,68.0
930,16.44,66.58,18.77,31.75,0.0,27.04,0.68,4.71,30.16,0.59,0.51,60.0
931,31.68,87.62,16.76,31.34,0.0,26.84,0.65,5.1,54.5,0.41,0.38,61.0
932,21.53,104.24,15.46,31.7,0.0,26.79,1.12,5.3,41.97,0.61,1.18,111.0
933,20.15,120.48,17.16,33.19,0.0,27.12,1.35,4.29,53.85,0.57,1.38,132.0
934,17.34,117.82,15.55,32.36,0.0,26.75,1.08,5.61,24.37,0.54,1.07,107.0
935,24.23,111.03,10.47,31.45,0.0,26.97,1.08,5.68,42.69,0.76,1.14,109.0
936,28.54,99.2,11.09,30.72,0.0,27.22,1.4,5.2,50.04,0.55,3.18,164.0
937,23.68,105.63,9.88,30.53,0.0,26.72,0.59,4.73,51.12,0.53,0.36,85.0
938,24.49,95.5,10.99,31.02,0.0,27.03,0.59,5.17,55.9,0.76,0.59,83.0
939,21.77,77.97,9.59,28.74,0.0,26.46,1.17,4.57,51.05,0.88,0.79,122.0
940,27.91,88.52,9.68,29.8,0.0,26.99,1.07,4.72,56.82,0.8,1.34,119.0
941,22.36,91.72,11.51,29.57,0.0,26.87,1.07,4.67,23.6,0.62,1.27,94.0
942,27.27,90.24,8.0,28.65,0.0,26.22,0.48,5.23,45.36,0.8,0.82,89.0
943,26.57,91.01,7.35,26.22,0.0,24.62,1.5,5.34,54.93,1.07,2.03,136.0
944,20.74,91.07,12.96,26.36,0.0,24.78,1.77,5.6,41.25,0.74,0.63,130.0
945,17.67,74.63,16.81,25.46,0.0,24.54,2.95,5.31,39.16,0.74,2.39,160.0
946,13.74,62.14,10.46,25.64,0.0,24.15,0.63,5.89,25.85,0.8,0.98,55.0
947,17.69,78.23,9.01,27.5,0.0,24.57,1.27,5.13,30.04,0.78,1.64,106.0
948,15.21,81.72,8.53,27.33,0.0,24.46,2.44,5.32,6.06,0.64,3.42,127.0
949,22.82,88.33,8.83,27.76,0.0,24.53,2.91,5.27,54.59,0.71,3.19,176.0
950,21.07,99.54,8.48,27.75,0.0,24.43,2.01,5.79,48.17,0.74,1.98,143.0
951,22.31,92.2,14.25,29.38,0.0,24.68,0.95,5.12,33.6,1.17,1.19,74.0
952,14.14,77.12,10.87,27.85,0.0,24.56,0.61,4.46,9.71,1.01,1.06,50.0
953,10.11,71.85,14.03,32.5,0.0,24.42,0.68,4.06,16.65,1.22,1.39,56.0
956,19.41,115.3,12.81,32.52,0.0,22.95,0.96,4.92,26.54,1.33,1.47,82.0
957,20.88,68.12,14.75,29.7,0.0,24.17,0.64,5.4,7.35,0.84,0.84,70.0
958,17.91,60.6,7.34,24.95,0.0,24.61,1.01,5.43,20.51,1.09,1.18,65.0
959,18.42,78.23,5.51,29.56,0.0,24.71,1.25,4.51,21.86,1.03,0.76,70.0
960,14.92,57.1,7.89,30.9,0.0,24.69,0.61,4.3,21.39,0.91,0.88,64.0
961,18.66,53.12,9.13,27.62,0.0,24.52,0.68,4.7,20.13,0.77,0.66,57.0
962,10.89,61.8,16.11,29.64,0.0,24.3,1.02,4.93,11.17,1.04,0.54,63.0
963,14.53,88.86,11.74,28.09,0.0,24.48,0.95,4.92,16.04,0.71,0.56,48.0
964,18.87,89.66,11.4,26.93,0.0,24.4,0.89,5.08,20.89,0.68,0.67,63.0
965,18.18,75.76,9.12,26.59,0.0,24.3,0.85,4.21,27.15,0.95,1.01,62.0
966,59.05,66.25,11.58,27.01,0.0,24.49,0.71,4.66,21.84,1.03,1.31,68.0
967,97.97,49.59,8.83,25.15,0.0,24.22,0.57,4.71,19.86,0.85,0.82,172.0
968,14.19,72.62,9.51,26.25,0.0,25.06,0.97,4.61,19.83,0.61,0.54,91.0
969,11.71,48.41,11.76,26.08,0.0,24.2,0.67,4.85,7.65,0.58,0.64,39.0
970,17.58,89.92,15.21,28.01,0.0,24.36,0.86,5.52,13.12,0.55,0.62,47.0
971,16.33,100.74,15.67,28.51,0.0,24.61,1.01,4.79,14.98,0.5,0.57,57.0
972,20.42,90.87,10.24,26.31,0.0,24.58,0.85,4.85,16.33,0.69,0.69,56.0
973,24.96,111.68,7.86,26.74,0.0,24.78,0.77,5.48,24.66,0.92,1.05,69.0
974,158.67,86.06,12.57,26.66,0.0,24.45,1.25,4.92,13.48,1.37,1.78,200.0
975,114.92,87.12,24.01,31.99,0.0,24.44,0.82,4.8,15.86,1.44,2.18,135.0
976,14.2,59.94,16.73,30.59,0.0,24.2,0.68,4.77,29.74,0.9,1.2,107.0
977,39.74,85.24,15.95,30.16,0.0,24.42,0.77,4.65,23.83,1.18,1.56,74.0
978,14.2,98.1,13.44,28.6,0.0,24.44,1.34,5.28,23.99,1.59,1.86,79.0
979,21.2,49.13,14.2,28.55,0.0,24.13,0.63,5.28,27.63,1.11,1.57,101.0
980,9.57,100.44,14.26,30.93,0.0,24.37,0.7,5.62,12.5,1.37,1.83,60.0
981,32.86,72.73,11.97,30.75,0.0,24.37,0.91,4.7,34.54,1.41,1.81,75.0
982,22.63,83.19,17.49,36.31,0.0,24.34,0.69,4.83,15.06,1.44,2.21,114.0
985,17.48,104.51,16.21,39.09,0.0,25.28,0.73,5.45,11.3,1.04,1.01,68.0
986,16.5,108.42,12.07,34.8,0.0,24.62,0.67,4.68,12.87,0.96,1.11,59.0
987,14.05,90.68,9.17,29.42,0.0,24.2,0.94,4.4,28.38,0.81,1.22,63.0
988,8.58,71.81,11.34,31.38,0.0,25.08,0.58,4.68,18.53,0.93,1.01,52.0
989,8.49,92.8,11.49,31.42,0.0,24.21,0.37,5.42,14.39,0.63,0.67,49.0
990,7.02,52.78,12.3,31.84,0.0,23.37,0.42,5.52,5.9,0.55,0.64,40.0
991,8.57,66.31,8.79,28.46,0.0,23.92,0.42,5.12,6.18,0.5,0.54,43.0
992,7.68,87.05,8.76,29.35,0.0,23.97,0.42,5.56,19.64,0.55,0.55,44.0
993,10.21,81.53,6.9,28.47,0.0,24.05,0.47,5.14,25.61,0.5,0.51,52.0
994,12.64,80.51,7.32,28.19,0.0,24.04,0.38,5.16,24.16,0.57,0.6,51.0
995,17.93,80.49,6.28,27.46,0.0,24.05,0.35,4.89,28.96,0.9,0.91,51.0
996,21.62,91.14,10.16,30.95,0.0,24.15,0.4,5.3,41.31,1.65,2.24,76.0
997,23.7,112.5,15.23,35.09,0.0,24.18,0.49,6.04,29.38,1.7,1.99,76.0
998,19.26,53.18,8.88,29.23,0.0,23.77,0.4,5.49,24.14,1.31,1.97,57.0
999,22.47,76.88,8.48,29.13,0.0,23.87,0.48,4.76,27.37,1.17,1.75,65.0
1000,28.3,50.86,15.29,38.34,0.0,22.64,0.57,6.16,7.85,1.23,2.04,83.0
1001,21.59,90.26,4.57,24.81,0.0,21.83,0.32,4.63,21.6,1.08,1.0,56.0
1002,22.36,71.25,7.58,29.64,0.0,23.84,0.5,5.13,8.95,0.85,0.69,58.0
1003,30.65,68.52,7.05,26.24,0.0,23.87,0.45,5.74,29.89,1.1,1.08,61.0
1004,20.01,57.46,5.63,27.01,5.0,23.86,0.38,4.53,21.92,0.96,0.92,66.0
1005,20.5,46.54,38.94,25.68,9.0,23.89,0.52,5.64,34.02,0.88,0.75,69.0
1006,22.85,63.75,6.46,25.43,10.0,23.95,0.49,4.49,29.93,0.88,0.83,62.0
1007,121.63,67.04,4.69,24.72,123.0,23.88,0.57,5.36,30.31,1.35,1.16,125.0
1008,21.36,42.33,13.18,32.24,653.0,24.02,0.66,5.07,10.53,0.97,1.11,126.0
1009,24.73,55.39,8.58,28.49,479.0,24.05,0.6,5.66,28.31,1.38,1.78,80.0
1010,29.16,70.61,9.98,26.77,481.0,25.33,0.58,4.55,21.99,1.16,1.67,70.0
1011,78.14,65.04,7.57,22.5,357.0,26.27,0.58,4.22,35.86,1.1,1.31,104.0
1012,26.08,71.87,9.19,25.0,392.0,26.53,1.35,5.2,20.43,2.17,2.84,83.0
1013,32.21,73.85,9.9,29.03,374.0,26.4,2.02,3.93,45.08,1.3,4.13,130.0
1014,22.5,62.71,14.24,31.64,489.0,26.24,0.64,4.38,34.99,1.7,2.37,79.0
1015,27.29,54.56,10.47,30.86,436.0,26.64,0.57,4.2,22.7,1.65,2.39,71.0
1016,24.83,52.24,10.69,30.63,447.0,26.23,0.5,4.49,14.59,1.63,2.33,61.0
1017,32.61,44.65,10.09,28.07,387.0,26.16,0.48,4.64,9.9,1.41,2.03,67.0
1018,40.34,50.86,14.0,34.04,529.0,26.03,0.46,4.22,13.39,0.93,1.22,73.0
1019,21.63,76.61,9.41,29.07,386.0,26.29,0.43,4.05,15.03,2.11,2.24,58.0
1020,27.86,118.88,14.4,35.25,636.0,26.83,0.55,4.37,17.23,3.02,3.41,64.0
1021,39.39,188.67,18.27,41.73,731.0,26.76,0.62,4.81,27.54,2.92,3.57,98.0
1022,44.66,147.94,12.47,32.42,657.0,26.71,0.57,4.39,34.64,1.21,2.2,98.0
1023,79.76,264.9,14.24,40.38,681.0,26.81,0.58,5.88,38.72,1.6,2.51,177.0
1024,39.67,157.62,8.15,32.18,460.0,26.51,0.87,5.69,34.89,1.01,1.49,129.0
1025,22.44,118.74,8.29,31.05,380.0,26.26,0.79,5.32,28.1,0.81,1.27,79.0
1026,26.85,123.41,9.24,33.32,498.0,26.38,1.08,5.39,33.95,1.18,1.86,80.0
1027,42.56,176.27,15.76,44.63,802.0,26.59,1.26,5.62,27.3,1.87,2.58,94.0
1028,35.29,134.15,16.44,43.04,850.0,26.4,1.59,4.42,20.57,0.91,1.07,96.0
1029,25.49,88.04,17.04,39.14,687.0,26.39,1.22,4.26,12.69,0.54,0.85,75.0
1030,26.03,87.11,13.99,36.53,565.0,26.4,1.03,4.26,19.69,0.59,0.81,66.0
1031,37.38,91.81,15.78,39.18,673.0,26.62,1.55,4.97,32.07,0.53,0.67,80.0
1032,47.47,100.35,15.01,39.01,645.0,26.6,1.08,4.3,36.67,0.0,0.06,98.0
1033,45.49,82.59,9.57,32.5,450.0,26.61,0.77,3.71,32.74,0.0,0.04,102.0
1034,122.41,68.08,12.13,33.67,756.0,26.65,0.84,3.6,47.84,0.0,0.19,120.0
1035,39.88,56.91,6.5,24.85,1289.0,26.39,0.48,2.66,43.92,0.0,0.06,141.0
1036,66.54,57.13,7.2,26.81,1311.0,26.14,0.44,4.15,44.38,0.0,0.09,120.0
1037,58.73,73.54,8.53,29.41,1351.0,26.64,0.56,5.08,52.18,0.0,0.15,159.0
1038,41.02,64.65,14.44,34.07,912.0,26.61,0.76,3.3,43.23,0.02,0.11,125.0
1039,26.7,29.28,14.87,29.05,723.0,26.44,0.69,3.33,17.19,0.0,0.0,59.0
1040,22.05,27.3,11.58,29.82,672.0,26.93,0.75,3.15,6.75,0.0,0.25,49.0
1041,27.98,42.42,13.12,33.64,794.0,26.82,0.82,3.51,7.02,0.0,0.28,68.0
1042,26.89,40.08,13.32,33.43,813.0,26.82,0.86,2.98,13.74,0.0,0.2,54.0
1043,25.94,66.25,12.3,37.65,850.0,26.77,0.97,3.26,30.46,0.0,0.21,70.0
1044,31.21,51.65,9.12,30.19,622.0,25.71,0.9,2.76,24.08,0.0,0.25,75.0
1045,32.87,77.14,10.67,36.09,766.0,26.5,0.99,3.99,30.86,0.0,0.18,77.0
1046,26.99,72.0,10.11,36.27,750.0,26.38,0.86,3.85,14.76,0.01,0.0,69.0
1047,30.4,57.77,9.61,32.51,669.0,26.54,0.74,3.68,43.16,0.0,0.12,65.0
1048,26.94,65.86,8.67,30.57,601.0,26.59,0.91,4.15,37.68,0.01,0.0,68.0
1049,30.7,66.28,5.9,27.55,486.0,26.72,0.93,3.88,39.31,0.05,0.12,66.0
1050,37.93,78.07,9.59,34.47,704.0,26.88,0.95,4.34,34.31,0.02,0.14,76.0
1051,35.72,71.36,5.76,30.34,537.0,26.65,0.89,3.97,37.48,0.0,0.21,81.0
1052,34.96,63.17,8.73,36.57,684.0,26.87,0.71,3.59,19.28,0.01,0.09,64.0
1053,30.66,59.05,11.02,39.44,792.0,26.56,0.92,3.76,15.11,0.01,0.0,68.0
1054,32.21,58.7,10.9,36.61,790.0,26.43,0.91,3.59,17.27,0.01,0.0,62.0
1055,25.79,41.37,12.88,34.1,861.0,26.4,0.89,3.83,3.14,0.0,0.0,60.0
1056,44.84,46.73,12.04,37.02,934.0,26.84,0.85,3.36,15.6,0.01,0.14,65.0
1057,38.07,63.39,11.09,42.75,920.0,27.21,0.98,4.05,28.57,0.0,0.07,87.0
1058,17.64,80.23,12.17,46.1,1007.0,26.78,0.95,3.89,29.13,0.0,0.07,82.0
1092,62.76,83.3,7.0,44.56,816.0,10.45,0.96,3.38,52.72,0.0,0.95,109.0
1105,31.37,71.0,6.82,29.81,622.0,45.45,0.89,3.16,54.29,0.0,0.39,75.0
1106,54.32,63.45,11.14,45.27,1020.0,48.27,0.96,4.91,37.03,0.0,0.32,76.0
1107,37.55,76.54,8.15,36.51,751.0,42.34,1.35,5.74,48.6,0.0,0.3,115.0
1108,36.12,98.69,9.71,43.3,950.0,41.38,0.93,3.51,47.39,0.0,0.25,101.0
1109,34.43,110.99,10.94,44.87,996.0,36.21,1.29,3.2,53.1,0.0,1.11,118.0
1110,38.84,100.57,5.56,33.96,617.0,33.68,0.89,3.35,66.4,0.0,0.23,98.0
1111,41.35,99.23,7.45,41.68,847.0,36.95,0.92,3.47,59.88,0.0,0.22,92.0
1112,46.76,101.11,6.61,37.47,721.0,36.51,0.92,3.58,64.8,0.0,0.29,98.0
1113,37.73,103.52,6.75,39.62,754.0,34.11,1.01,3.66,65.34,0.0,0.39,100.0
1114,55.0,92.99,5.92,38.68,717.0,36.27,1.21,4.22,71.99,0.0,0.36,104.0
1115,33.34,114.17,5.78,38.67,711.0,40.27,1.16,4.32,80.04,0.0,0.37,122.0
1116,33.55,104.31,4.8,33.77,591.0,45.24,1.14,3.97,81.55,0.0,0.26,103.0
1117,39.03,119.95,3.95,34.14,568.0,50.22,1.14,4.24,77.88,0.0,0.44,96.0
1118,48.08,132.27,4.23,35.2,588.0,57.58,1.24,4.59,60.85,0.08,0.39,102.0
1119,45.88,125.43,8.52,44.92,933.0,68.02,1.19,4.59,43.36,0.2,0.39,104.0
1120,39.93,129.02,5.5,33.76,603.0,64.75,1.06,4.19,56.22,0.0,0.35,101.0
1121,39.28,117.17,4.06,32.42,542.0,57.65,0.94,4.24,63.78,0.0,0.39,98.0
1122,47.03,143.26,5.03,36.38,652.0,57.83,1.04,4.21,61.21,0.04,0.46,104.0
1123,39.38,124.79,3.93,30.66,510.0,58.16,0.89,4.28,62.46,0.0,0.29,109.0
1124,33.47,114.19,4.67,36.21,618.0,60.91,1.05,4.17,55.34,0.0,0.29,94.0
1125,53.56,115.21,4.15,32.79,546.0,70.16,0.99,3.89,56.31,0.0,0.4,99.0
1126,37.93,112.97,4.4,36.09,615.0,73.36,1.06,4.07,52.6,0.0,0.46,109.0
1127,33.99,106.5,9.03,49.14,1011.0,81.64,1.08,5.01,41.2,0.0,0.41,94.0
1128,29.63,103.77,5.9,42.78,791.0,75.97,1.44,4.38,49.36,0.0,1.34,118.0
1129,28.81,104.97,4.62,33.25,560.0,75.86,1.04,6.48,46.48,0.0,0.24,88.0
1130,23.31,99.74,4.32,32.25,503.0,60.26,0.93,12.74,42.53,0.01,0.02,87.0
1131,29.23,94.58,5.35,32.53,567.0,74.39,0.95,3.37,40.8,0.0,0.18,81.0
1132,32.55,98.75,3.97,29.05,478.0,83.02,0.89,3.52,40.51,0.0,0.26,85.0
1133,30.93,95.75,5.67,30.04,538.0,89.31,0.94,3.22,25.11,0.0,0.07,79.0
1134,35.48,87.19,13.58,45.34,1051.0,94.19,1.1,4.2,27.4,0.0,0.25,80.0
1135,37.87,96.52,7.72,43.01,872.0,98.39,1.01,4.36,30.91,2.62,2.58,95.0
1136,30.34,84.89,8.37,39.51,823.0,90.65,0.99,6.63,25.27,1.74,4.2,83.0
1137,28.29,96.63,5.06,23.84,373.0,62.54,0.88,3.42,38.11,0.64,0.92,76.0
1254,19.28,21.36,9.94,15.8,466.0,18.55,0.91,6.23,11.05,0.05,0.64,50.0
1261,61.43,33.51,9.95,23.54,664.0,54.13,1.01,3.21,18.53,0.85,1.74,83.0
1262,22.24,43.59,9.44,18.63,611.0,65.66,1.09,3.24,13.77,1.22,2.42,106.0
1263,17.38,42.66,9.08,15.39,538.0,65.85,1.06,3.83,8.71,0.88,1.8,55.0
1264,13.38,100.6,9.51,14.75,582.0,52.88,1.15,4.93,11.02,0.78,1.56,69.0
1265,32.62,100.12,8.27,12.51,489.0,39.88,1.06,4.53,14.71,0.64,1.24,81.0
1266,13.64,73.69,8.31,14.01,512.0,39.82,1.06,4.83,21.95,0.57,1.2,69.0
1267,16.71,76.66,7.76,20.26,622.0,39.87,1.02,5.1,25.83,0.53,1.18,64.0
1268,18.94,79.08,10.67,31.69,894.0,40.19,1.02,4.68,26.92,0.53,1.22,64.0
1269,23.76,55.83,9.93,23.67,683.0,43.21,1.03,4.7,17.71,0.68,1.45,66.0
1270,21.84,73.73,7.93,15.51,533.0,43.75,0.98,4.64,15.09,0.3,0.83,64.0
1271,51.82,70.62,6.93,14.77,431.0,39.41,1.01,4.79,14.73,0.36,1.09,87.0
1272,32.62,56.97,5.69,13.9,322.0,42.98,0.93,4.78,18.29,0.34,0.86,92.0
1273,11.68,42.25,4.95,15.17,287.0,42.71,1.02,4.87,16.43,0.36,0.93,60.0
1274,9.23,34.44,6.3,17.93,376.0,42.01,0.99,5.5,15.6,0.5,1.13,57.0
1275,11.93,44.86,10.26,17.94,496.0,37.54,0.99,5.95,17.84,0.54,1.32,51.0
1276,18.23,65.8,32.78,33.04,1214.0,26.36,1.0,6.63,10.67,0.88,2.0,66.0
1277,19.15,64.03,24.59,22.68,1055.0,26.09,0.89,6.11,11.29,2.3,5.82,72.0
1278,16.29,55.13,28.13,27.31,1043.0,24.06,0.88,6.9,16.14,0.64,2.13,63.0
1279,21.63,62.68,23.02,20.07,935.0,20.48,0.87,7.51,16.04,0.66,3.0,63.0
1280,18.55,71.37,17.71,15.35,716.0,22.71,0.79,6.49,14.42,0.58,3.48,60.0
1281,20.36,74.52,17.18,17.48,742.0,21.44,0.82,6.47,15.83,0.55,3.5,61.0
1282,21.44,58.91,17.06,16.86,729.0,22.71,0.86,6.63,15.59,0.52,3.34,65.0
1283,15.56,38.84,13.94,17.49,691.0,22.06,0.76,7.2,18.73,0.5,3.18,56.0
1284,22.83,42.49,13.04,14.5,551.0,22.05,0.89,7.09,16.35,0.51,3.42,62.0
1285,21.11,56.44,20.04,18.16,902.0,22.46,0.88,7.5,13.71,0.6,3.99,66.0
1286,36.65,52.63,19.76,20.32,915.0,20.65,0.87,7.49,14.05,0.51,4.06,63.0
1287,20.8,53.13,17.69,16.23,780.0,22.12,0.9,8.27,14.5,0.44,3.75,78.0
1288,17.82,51.19,15.33,14.74,595.0,21.33,0.75,8.6,15.79,0.44,3.11,56.0
1289,16.63,47.82,12.73,15.78,590.0,23.13,0.78,7.14,18.07,0.42,3.04,53.0
1290,18.87,60.54,16.04,15.81,679.0,21.52,0.75,7.47,16.19,0.49,2.98,57.0
1291,17.08,63.33,12.09,12.25,452.0,20.98,0.71,6.66,17.01,0.33,2.35,62.0
1292,19.93,47.19,19.67,16.2,809.0,21.92,0.8,7.32,13.25,0.45,2.77,59.0
1293,16.98,53.45,10.93,15.05,452.0,23.5,0.82,7.56,18.52,0.5,3.37,60.0
1294,18.83,56.14,6.08,13.81,272.0,21.62,0.8,7.75,17.83,0.58,3.5,57.0
1295,16.82,43.02,6.33,16.04,339.0,20.52,0.86,7.58,18.19,0.61,3.1,59.0
1296,15.52,41.94,6.5,16.03,314.0,20.52,0.83,7.49,22.36,0.49,2.74,52.0
1297,17.44,52.67,6.02,17.69,342.0,20.49,0.83,7.68,21.97,0.5,3.07,59.0
1298,18.63,67.89,5.71,14.94,270.0,20.14,0.85,8.01,21.53,0.36,2.92,60.0
1299,19.86,51.56,9.81,18.69,514.0,21.94,0.87,7.9,15.16,0.56,3.55,65.0
1300,17.85,50.14,7.46,16.37,415.0,25.82,0.92,7.08,13.77,0.56,3.67,64.0
1301,17.62,44.75,8.78,18.57,577.0,23.36,0.94,7.68,12.29,0.73,6.09,59.0
1302,20.0,55.87,12.84,28.4,1101.0,20.06,0.83,7.55,13.43,0.61,3.7,65.0
1303,22.28,64.9,8.27,21.86,692.0,18.75,0.76,7.46,15.22,0.61,3.91,68.0
1304,21.05,64.54,6.85,17.94,417.0,18.96,0.77,6.84,16.19,0.38,2.97,59.0
1305,20.1,57.53,6.38,15.62,353.0,20.18,0.79,6.51,15.94,0.38,2.79,66.0
1306,22.92,65.5,15.82,18.15,716.0,22.04,0.97,7.18,14.61,0.66,3.24,64.0
1307,20.96,67.39,16.68,19.01,851.0,22.48,0.75,6.44,15.43,0.48,3.1,62.0
1308,20.59,68.6,17.54,22.78,975.0,21.15,0.83,6.0,14.61,0.55,3.09,66.0
1309,20.73,68.41,12.55,19.33,744.0,20.75,0.83,6.28,15.23,0.4,2.59,68.0
1310,23.34,71.35,17.03,18.78,864.0,20.61,0.9,6.5,12.05,1.27,3.96,72.0
1311,27.61,94.02,23.36,18.82,1027.0,20.08,0.9,6.8,12.14,0.59,3.09,77.0
1312,20.75,81.19,17.45,15.27,736.0,19.42,0.83,7.15,13.44,0.4,2.68,77.0
1313,23.63,66.31,18.79,18.0,849.0,19.36,0.78,5.94,14.22,0.53,2.77,67.0
1314,18.24,59.59,18.82,18.39,859.0,19.67,0.81,6.18,13.14,0.47,2.71,67.0
1315,18.35,43.88,24.08,20.05,1030.0,19.55,0.87,6.68,11.18,0.53,3.37,60.0
1316,17.33,55.07,21.68,17.68,925.0,20.98,0.83,6.27,13.65,0.56,3.4,58.0
1317,18.24,59.31,23.38,16.8,953.0,19.74,0.79,7.52,11.75,0.54,3.42,60.0
1318,18.6,46.24,23.61,17.12,948.0,19.86,0.78,6.44,11.75,0.62,3.17,56.0
1319,10.61,35.22,16.83,13.53,626.0,18.86,0.77,6.96,12.48,0.6,2.52,57.0
1320,11.4,39.72,18.47,15.3,814.0,18.9,0.8,5.96,11.69,0.45,2.52,53.0
1321,13.1,31.87,20.8,17.12,984.0,18.01,0.89,6.34,11.02,0.53,2.73,60.0
1322,15.35,36.24,17.91,15.93,840.0,19.41,0.85,6.35,11.1,0.46,2.75,59.0
1323,12.86,38.58,14.92,16.13,741.0,20.34,0.68,5.58,15.54,0.37,2.17,52.0
1324,16.77,52.28,16.77,15.35,799.0,17.01,0.67,5.76,14.21,0.41,2.41,48.0
1325,20.09,65.73,15.73,15.9,772.0,17.14,0.73,6.76,14.37,0.33,2.25,57.0
1326,16.78,52.97,13.99,16.35,758.0,16.94,0.69,6.44,15.56,0.35,2.05,59.0
1327,24.78,67.41,19.12,18.52,998.0,19.27,0.74,6.65,14.54,0.41,2.12,53.0
1328,20.61,77.55,18.5,17.55,961.0,22.57,0.77,5.95,16.38,0.44,1.74,69.0
1329,20.75,74.0,19.51,17.29,993.0,21.02,0.78,6.92,16.23,0.38,1.78,65.0
1330,17.29,52.66,22.31,17.95,1065.0,21.4,0.9,7.32,13.6,0.43,2.12,63.0
1331,18.74,60.28,22.92,18.94,1132.0,21.91,0.82,7.81,12.61,0.54,2.52,62.0
1332,22.36,75.89,24.38,19.62,1175.0,25.09,0.92,7.61,12.01,0.5,2.19,67.0
1333,18.42,60.03,21.34,18.03,1028.0,23.73,0.93,7.07,13.19,0.29,1.83,70.0
1334,19.86,64.68,25.62,19.41,1180.0,24.91,0.86,7.09,10.61,0.43,2.13,62.0
1335,21.93,63.28,20.83,18.83,1043.0,22.82,0.81,6.5,12.42,0.3,2.02,64.0
1336,20.52,49.08,16.42,18.42,1009.0,21.16,0.87,6.94,10.52,0.48,2.93,68.0
1337,23.33,66.23,22.69,17.92,1070.0,19.65,0.79,7.56,11.59,0.32,2.43,68.0
1338,19.74,57.18,24.42,23.85,1209.0,24.71,0.83,7.34,12.01,0.33,2.33,64.0
1339,23.62,78.59,18.31,18.76,954.0,22.74,0.8,7.25,15.32,0.29,2.03,68.0
1340,21.84,69.2,16.09,17.44,836.0,19.52,0.76,8.3,17.84,0.27,2.0,66.0
1341,25.06,73.19,24.51,20.87,1171.0,18.8,0.87,8.66,16.89,0.33,2.25,63.0
1342,32.78,81.02,21.82,26.03,1196.0,21.32,0.91,8.63,18.24,0.97,3.29,76.0
1343,25.32,77.04,19.25,21.06,1045.0,20.18,0.85,7.69,18.23,0.31,2.47,78.0
1344,25.21,71.56,20.52,21.41,1092.0,19.48,0.8,8.53,17.79,0.31,2.16,66.0
1345,27.2,66.34,20.06,20.41,1050.0,19.09,0.79,8.27,16.77,0.35,2.18,70.0
1346,18.32,47.45,9.29,19.4,702.0,18.31,0.75,7.58,17.16,0.18,1.77,63.0
1347,19.07,56.66,9.72,23.74,811.0,19.12,0.82,7.65,23.36,0.23,1.83,64.0
1348,28.1,72.52,8.51,29.62,922.0,23.38,0.96,7.71,21.64,0.36,2.42,73.0
1349,30.34,79.46,12.1,34.78,1159.0,24.82,0.95,6.95,32.98,0.46,3.12,90.0
1350,24.47,73.31,16.57,38.97,1252.0,22.64,0.96,7.44,33.73,0.39,2.72,91.0
1351,29.84,76.26,14.04,38.83,1219.0,26.39,0.99,8.27,21.83,0.43,2.93,88.0
1352,27.72,76.6,14.95,42.11,1254.0,30.61,0.98,7.55,32.17,0.43,2.77,94.0
1353,24.1,56.2,15.31,40.13,1248.0,26.97,0.95,7.46,25.3,0.35,3.2,77.0
1354,24.43,55.34,26.3,35.93,1283.0,25.87,0.96,8.26,19.68,0.42,3.32,73.0
1355,19.03,49.62,23.91,30.55,1246.0,23.55,0.83,7.87,11.82,0.39,2.78,74.0
1356,19.86,64.1,17.97,24.34,1069.0,23.56,0.76,7.24,13.4,0.41,2.25,65.0
1357,20.21,69.15,12.96,23.2,946.0,20.72,0.76,7.82,16.89,0.33,1.75,65.0
1358,25.55,74.65,28.53,41.9,1332.0,20.6,0.89,7.22,18.67,1.01,3.09,79.0
1359,26.75,81.33,15.97,33.38,1193.0,21.57,0.8,6.83,19.11,0.56,2.33,87.0
1360,24.45,80.93,21.53,30.37,1234.0,20.87,0.83,7.24,21.83,0.72,2.77,77.0
1361,30.84,75.04,13.19,38.12,1221.0,24.26,0.85,7.1,26.8,0.56,2.49,87.0
1362,22.6,56.12,16.43,35.0,1201.0,22.95,0.93,6.7,29.89,0.71,2.62,85.0
1363,26.76,63.24,19.45,40.97,1273.0,20.27,0.99,6.79,22.54,1.01,3.04,78.0
1364,31.25,76.66,12.51,28.45,1053.0,17.5,0.87,6.76,23.35,0.95,2.57,85.0
1365,29.24,72.24,13.98,30.94,1185.0,14.07,0.94,6.59,20.67,1.03,2.73,80.0
1366,26.36,77.69,13.23,27.64,1127.0,15.1,0.8,6.14,14.86,0.53,2.04,78.0
1367,17.35,64.18,13.34,25.67,1099.0,13.5,0.79,6.06,12.5,0.47,1.68,75.0
1368,25.28,62.82,13.1,23.56,1013.0,15.14,0.81,5.67,16.11,0.4,1.53,70.0
1369,21.61,66.61,14.5,25.53,1120.0,14.76,0.87,6.59,18.94,0.31,1.44,82.0
1370,14.51,51.79,11.08,19.67,867.0,13.69,0.74,6.36,15.9,0.23,1.19,67.0
1371,15.17,52.6,12.05,20.76,910.0,13.57,0.76,6.27,16.22,0.18,1.04,65.0
1372,21.47,46.9,16.7,21.67,1082.0,13.65,0.8,6.52,8.9,0.32,1.3,65.0
1373,13.99,40.41,15.24,19.47,956.0,14.61,0.78,6.96,11.69,0.25,1.18,62.0
1374,14.0,42.0,14.33,19.84,955.0,12.98,0.78,6.52,10.5,0.32,1.3,56.0
1375,20.86,69.05,13.17,23.91,1067.0,14.74,0.74,6.73,16.31,0.23,0.81,62.0
1376,32.94,96.04,12.11,26.49,1124.0,15.77,0.79,6.84,18.26,0.38,1.0,73.0
1377,31.82,91.63,14.75,32.27,1247.0,14.37,0.85,6.89,22.25,0.94,2.0,80.0
1378,40.93,109.21,18.56,34.32,1291.0,14.9,0.81,6.48,23.46,2.07,3.07,93.0
1379,55.08,147.26,30.58,43.63,1353.0,15.2,0.99,6.55,21.65,2.79,5.59,110.0
1380,56.31,151.57,30.12,44.04,1348.0,14.22,0.93,6.53,22.96,1.46,3.95,115.0
1381,72.74,158.69,23.04,41.95,1343.0,16.09,0.9,6.35,28.02,1.68,3.7,167.0
1382,48.48,100.3,6.99,26.49,917.0,13.1,0.8,6.28,34.33,0.72,2.36,116.0
1383,41.44,88.52,9.88,28.25,1034.0,14.07,0.88,6.36,23.25,1.32,3.76,88.0
1384,35.37,94.07,10.95,26.88,1015.0,12.5,0.74,6.52,19.06,0.31,1.66,90.0
1385,19.99,51.83,14.07,22.81,1078.0,11.95,0.75,6.56,18.23,0.9,2.12,75.0
1386,62.95,55.23,14.0,28.34,1198.0,12.18,0.82,6.45,21.13,0.78,2.22,116.0
1387,20.75,61.94,9.89,21.84,887.0,12.0,0.74,6.31,19.64,0.24,1.06,81.0
1388,25.61,86.65,10.61,25.93,1024.0,11.56,0.75,6.74,27.25,0.15,0.99,71.0
1389,36.42,122.86,14.12,30.1,1206.0,12.67,0.74,7.29,29.37,0.16,0.95,88.0
1390,37.81,132.8,20.84,41.15,1318.0,11.84,1.04,7.54,29.12,0.34,1.6,102.0
1391,49.17,123.18,23.55,43.25,1324.0,13.07,1.16,8.02,24.69,0.59,2.32,119.0
1392,62.67,111.41,19.33,40.4,1292.0,14.23,1.01,8.31,24.3,0.56,1.78,132.0
1393,46.34,121.55,17.54,36.95,1274.0,16.93,1.02,6.52,25.3,0.48,1.87,110.0
1394,50.19,123.42,14.97,40.42,1281.0,22.94,1.01,7.67,30.95,0.46,2.07,101.0
1395,39.65,112.7,15.66,45.83,1317.0,20.03,1.03,6.75,37.95,0.51,2.22,107.0
1396,37.32,96.1,15.03,45.79,1293.0,19.55,0.97,6.29,38.38,0.53,2.61,108.0
1397,36.11,101.84,26.17,56.14,1357.0,18.69,1.12,7.03,35.49,0.76,3.56,103.0
1398,40.12,109.55,31.63,58.13,1362.0,19.22,1.19,6.8,28.94,0.81,3.44,125.0
1399,40.02,106.07,16.33,42.16,1282.0,20.09,1.06,5.81,26.11,0.63,2.78,107.0
1400,20.96,66.49,16.9,31.6,1191.0,16.25,0.95,7.01,23.72,0.44,1.92,92.0
1401,17.57,56.53,12.79,24.14,952.0,16.35,0.96,6.14,16.57,0.36,1.68,84.0
1402,21.42,63.23,11.8,24.36,932.0,16.22,1.1,6.46,20.21,0.32,1.66,82.0
1403,21.84,77.72,9.14,22.91,825.0,15.52,0.82,6.17,27.03,0.29,1.53,74.0
1404,23.98,90.86,11.81,28.89,1081.0,15.31,1.03,6.14,21.7,0.39,1.77,81.0
1405,41.38,116.55,11.41,30.42,1119.0,15.25,1.12,7.11,20.31,0.66,2.3,110.0
1406,57.03,107.56,11.01,31.2,1121.0,15.57,1.04,7.8,27.35,0.46,1.85,97.0
1407,61.98,108.02,14.54,32.99,1204.0,15.34,0.99,7.7,23.63,0.55,2.04,144.0
1408,33.68,98.45,11.58,29.99,1059.0,15.66,0.99,5.77,25.02,0.44,1.88,94.0
1409,50.36,88.44,14.78,35.38,1215.0,17.41,1.05,4.97,29.27,0.76,2.66,96.0
1410,55.48,101.12,16.45,37.67,1258.0,17.68,1.11,5.67,34.04,0.8,2.94,105.0
1411,63.66,120.24,32.73,47.6,1355.0,18.69,1.38,6.65,25.83,1.47,4.39,113.0
1412,71.05,130.84,25.65,50.42,1346.0,18.82,1.46,7.96,28.07,1.87,5.53,143.0
1413,77.53,143.53,40.06,56.64,1364.0,21.93,1.57,7.78,25.98,1.91,5.63,143.0
1414,58.35,105.52,21.57,43.91,1315.0,20.58,1.43,6.5,17.61,1.14,3.95,141.0
1415,25.1,59.99,11.77,28.79,1029.0,18.74,1.05,5.06,19.48,0.33,1.9,88.0
1416,49.2,96.6,7.31,28.7,936.0,17.03,1.02,5.2,35.62,0.36,1.46,84.0
1417,41.2,83.45,9.24,20.87,829.0,16.24,1.01,5.38,26.38,0.21,1.09,91.0
1418,19.95,61.66,13.0,22.54,941.0,14.46,1.1,5.57,13.5,0.28,1.36,77.0
1419,25.85,67.23,15.66,28.52,1142.0,15.63,1.09,5.21,16.08,0.37,1.8,77.0
1420,33.31,71.11,11.66,28.34,1066.0,16.38,1.02,5.74,21.91,0.3,1.85,81.0
1421,17.95,39.52,13.98,24.12,994.0,15.83,1.03,5.89,11.65,0.3,1.81,73.0
1422,25.58,50.78,16.08,27.32,1135.0,18.03,1.11,5.57,11.55,0.34,1.88,79.0
1423,108.3,93.05,11.24,29.96,1064.0,19.59,1.04,5.34,25.36,0.54,1.88,144.0
1424,61.34,106.53,7.46,27.32,899.0,21.03,0.85,5.25,41.24,0.76,1.76,142.0
1425,71.66,119.7,7.78,30.65,982.0,21.13,0.83,5.65,58.03,0.8,1.79,124.0
1426,54.73,137.9,19.16,36.44,1172.0,41.22,0.84,5.5,62.99,0.78,1.68,127.0
1427,59.58,112.2,10.19,29.98,1063.0,21.36,0.89,5.6,52.81,0.82,1.97,127.0
1428,42.06,86.54,11.35,25.48,945.0,18.27,0.93,5.48,42.35,0.82,2.22,119.0
1429,43.16,79.92,10.45,28.44,1003.0,20.64,0.89,5.46,47.85,0.61,1.86,94.0
1430,40.67,83.54,12.57,31.03,1128.0,20.42,0.97,5.49,50.45,0.83,2.38,86.0
1431,28.25,68.25,9.29,24.59,912.0,18.89,0.79,6.21,59.89,0.77,1.81,92.0
1432,33.56,69.43,11.16,25.62,972.0,18.51,0.8,6.78,43.92,0.8,1.81,73.0
1433,25.83,74.27,15.31,26.42,1112.0,18.98,0.89,5.86,24.11,0.6,2.02,75.0
1434,51.43,64.2,13.6,23.94,1002.0,18.26,0.87,5.69,26.63,0.62,1.85,106.0
1435,29.32,81.35,13.52,29.76,1086.0,17.66,0.9,6.47,35.15,0.58,2.1,87.0
1436,37.49,150.02,16.07,31.25,1117.0,17.51,0.93,5.9,33.42,0.61,2.26,90.0
1437,61.0,98.66,9.36,33.48,918.0,15.46,0.78,5.86,52.77,0.64,1.87,119.0
1438,63.28,110.14,5.87,23.23,584.0,11.87,0.75,7.38,80.57,0.6,1.61,128.0
1439,75.78,137.41,9.79,30.66,1023.0,15.23,1.04,5.77,76.51,0.61,2.29,157.0
1440,88.98,177.97,12.13,38.55,1218.0,20.08,1.08,5.94,69.85,0.7,2.86,180.0
1441,78.59,142.62,11.17,40.02,1224.0,19.75,1.05,6.32,66.64,0.85,2.8,179.0
1442,67.36,103.83,10.53,36.8,1186.0,19.05,1.03,6.32,59.79,0.91,2.45,148.0
1443,48.45,84.47,12.96,36.41,1202.0,18.13,0.97,6.57,50.06,0.82,2.25,103.0
1444,47.62,81.06,15.51,35.48,1223.0,18.23,0.96,6.24,48.1,0.77,2.16,85.0
1445,64.42,109.67,13.08,40.02,1210.0,16.93,0.98,6.45,73.64,0.74,2.09,112.0
1446,86.94,140.52,39.83,54.92,1363.0,18.74,1.29,7.69,51.64,1.11,2.73,146.0
1447,98.84,181.41,60.14,63.57,1369.0,24.42,1.72,5.98,38.34,1.46,5.51,225.0
1448,61.84,132.37,15.76,47.79,1290.0,21.56,1.11,6.12,57.86,0.86,2.9,142.0
1449,45.7,105.66,11.87,35.34,1150.0,19.31,0.83,6.04,64.96,0.78,2.43,130.0
1450,51.63,106.8,22.16,38.9,1294.0,18.56,0.99,5.88,56.78,0.87,2.56,116.0
1451,42.57,93.24,12.09,35.19,1148.0,17.98,0.91,6.01,41.65,0.75,2.47,109.0
1452,37.34,86.46,9.1,23.96,824.0,16.35,0.82,4.98,46.25,0.67,2.01,87.0
1453,43.13,85.68,10.4,27.87,964.0,15.77,0.85,5.33,41.44,0.75,1.9,79.0
1454,57.89,102.48,10.72,33.44,1109.0,16.55,0.93,5.24,54.0,0.82,2.16,103.0
1455,59.38,100.47,10.07,33.7,1107.0,16.61,1.01,5.27,55.22,0.71,1.95,118.0
1456,57.28,107.8,12.41,31.17,1129.0,16.37,0.9,5.67,55.3,0.38,1.66,117.0
1457,68.37,111.01,9.44,31.77,1046.0,17.22,0.91,6.12,57.62,0.37,1.31,123.0
1458,65.81,106.31,11.15,31.32,1083.0,17.7,0.89,6.07,47.62,0.28,1.11,124.0
1459,64.29,100.07,8.74,28.97,900.0,16.0,0.85,5.34,64.73,0.24,0.9,127.0
1460,63.77,107.44,15.48,37.46,1240.0,16.72,1.02,7.25,55.18,0.39,1.44,123.0
1461,61.55,107.76,14.75,38.19,1244.0,17.97,0.98,8.29,56.91,0.33,1.24,128.0
1462,47.27,92.47,12.94,39.73,1247.0,20.45,1.06,10.22,51.25,0.32,1.25,103.0
1463,48.86,96.42,16.74,46.55,1323.0,29.72,1.01,8.15,46.4,0.4,1.66,101.0
1464,51.35,105.52,17.37,45.87,1309.0,24.95,1.09,5.76,41.42,0.53,1.66,106.0
1465,46.57,99.1,15.87,41.74,1264.0,18.17,1.03,6.13,50.61,0.39,1.22,104.0
1466,56.8,105.51,9.68,35.73,1181.0,22.58,0.89,6.36,64.29,0.31,1.17,115.0
1467,58.29,116.5,15.59,44.9,1299.0,26.01,1.05,7.13,55.51,0.32,1.25,120.0
1468,60.04,106.76,19.73,49.33,1340.0,26.12,1.06,7.64,47.42,0.39,1.56,120.0
1469,62.6,113.27,17.76,52.68,1337.0,25.66,1.05,7.01,54.54,0.41,1.43,122.0
1470,63.63,108.49,12.78,53.48,1328.0,30.88,0.94,5.88,56.23,0.28,0.71,120.0
1471,59.52,111.13,14.65,49.16,1321.0,29.43,1.01,5.79,57.02,0.29,1.08,126.0
1472,70.5,121.91,14.05,49.28,1312.0,28.56,1.04,5.73,61.7,0.37,1.36,132.0
1473,54.44,99.59,10.6,42.99,1259.0,27.09,0.93,5.47,65.16,0.36,1.1,125.0
1474,58.36,110.39,14.18,47.07,1295.0,26.18,1.02,4.93,50.93,0.39,1.33,111.0
1475,47.13,86.88,16.17,46.93,1298.0,21.74,0.85,5.28,55.78,0.28,1.25,109.0
1476,62.4,99.49,10.64,48.15,1266.0,24.59,0.98,5.05,69.72,0.39,1.42,113.0
1477,67.83,120.55,15.74,42.88,1297.0,23.07,1.09,5.74,53.81,0.49,2.1,121.0
1478,75.06,118.41,7.81,34.15,1054.0,14.87,1.02,5.35,54.41,0.37,1.57,152.0
1479,59.01,102.34,7.41,36.98,1095.0,17.08,0.94,5.07,46.91,0.32,1.43,122.0
1480,42.33,82.67,5.69,32.59,904.0,14.47,0.79,5.2,63.97,0.24,1.14,106.0
1481,52.05,99.24,6.26,37.39,1035.0,15.56,0.92,5.32,67.06,0.31,1.28,101.0
1482,72.45,136.15,18.68,42.87,1284.0,17.27,1.06,5.06,72.89,1.27,3.27,145.0
1483,60.91,121.85,11.95,42.79,1237.0,16.95,1.04,5.42,67.41,0.32,1.72,156.0
1484,50.66,109.76,7.08,33.87,944.0,15.78,0.87,4.97,61.46,0.26,1.35,130.0
1485,35.76,87.96,7.16,31.94,930.0,14.75,0.84,4.79,56.81,0.24,1.35,109.0
1486,51.09,101.59,7.25,30.06,955.0,15.32,0.87,5.27,52.2,0.23,1.19,102.0
1487,40.56,87.62,5.89,26.0,764.0,14.06,0.8,5.16,55.36,0.2,1.03,101.0
1488,38.48,73.19,7.95,26.16,775.0,12.92,0.73,4.12,53.78,0.26,1.13,99.0
1489,29.81,62.01,9.41,29.22,939.0,12.84,0.88,4.91,47.64,0.22,0.99,83.0
1490,62.71,92.31,12.46,35.51,1134.0,13.12,1.01,4.8,59.22,1.14,3.64,107.0
1491,48.44,94.63,8.55,33.94,992.0,13.75,0.88,5.45,67.58,2.3,8.12,132.0
1492,49.67,99.62,9.15,37.21,1096.0,14.68,0.87,5.35,63.66,1.09,3.19,109.0
1493,45.32,96.87,9.15,34.78,1001.0,14.41,0.82,5.01,61.35,0.45,1.6,104.0
1494,39.5,87.56,6.69,28.58,767.0,13.75,0.8,4.58,64.91,0.4,1.28,101.0
1495,32.91,70.95,9.19,27.77,806.0,13.82,0.82,4.6,49.04,0.4,1.24,81.0
1496,37.93,82.59,6.98,29.41,760.0,13.77,0.86,4.54,65.7,0.41,1.23,92.0
1497,60.08,115.27,10.06,38.44,1110.0,14.13,0.88,5.81,78.02,0.45,1.37,120.0
1498,51.88,117.29,6.9,36.87,1025.0,15.02,0.94,5.3,73.99,0.49,1.65,146.0
1499,54.76,108.3,5.51,30.73,830.0,15.13,0.85,5.21,65.0,0.52,1.83,113.0
1500,68.68,123.42,11.64,40.49,1194.0,16.47,1.25,6.19,55.17,0.58,2.2,134.0
1501,50.31,93.13,9.95,32.83,961.0,17.01,0.96,4.52,41.91,0.56,2.03,112.0
1502,41.65,78.53,10.0,28.6,838.0,15.25,0.81,4.04,37.69,0.43,1.37,80.0
1503,49.32,88.06,8.75,32.05,888.0,14.48,0.82,3.99,49.43,0.44,1.33,84.0
1504,47.31,92.86,9.72,34.53,1010.0,15.25,0.9,4.75,52.51,0.46,1.1,96.0
1505,37.94,84.87,11.4,31.95,1060.0,16.68,0.71,4.88,57.75,0.46,1.11,89.0
1506,35.35,92.27,9.65,32.12,1072.0,17.04,0.87,4.08,59.52,0.63,1.75,103.0
1507,45.37,98.49,21.59,35.5,1265.0,16.77,1.05,4.69,56.07,1.12,2.89,107.0
1508,47.43,108.7,23.61,33.19,1270.0,17.77,0.99,4.15,62.98,1.23,2.91,123.0
1509,42.92,104.51,29.45,39.84,1331.0,17.16,1.23,4.52,48.6,1.03,2.96,116.0
1510,44.28,98.5,8.09,33.16,981.0,18.13,0.95,4.52,50.9,0.53,1.93,116.0
1511,31.49,79.97,9.18,28.91,898.0,15.62,0.85,4.39,40.97,0.43,1.33,87.0
1512,36.4,92.9,14.06,35.7,1183.0,12.47,0.96,5.06,41.82,0.48,1.57,85.0
1513,38.35,101.4,17.28,40.77,1269.0,14.54,0.96,5.45,42.98,0.54,1.96,99.0
1514,51.36,113.03,23.78,50.05,1341.0,15.39,1.03,5.53,43.98,1.92,5.95,105.0
1515,47.59,97.06,19.87,47.01,1310.0,16.23,0.94,5.19,53.2,2.49,7.3,110.0
1516,39.23,96.15,23.3,46.39,1330.0,16.7,1.0,6.12,55.66,2.28,7.46,103.0
1517,51.92,101.91,17.94,42.06,1262.0,18.89,0.99,6.29,64.35,2.88,8.24,120.0
1518,45.49,94.03,10.11,33.49,1057.0,18.55,0.93,4.45,58.28,2.05,6.43,115.0
1519,50.8,111.32,12.67,38.76,1232.0,16.52,0.94,4.87,56.36,3.14,6.74,125.0
1520,58.18,125.3,13.52,44.64,1272.0,19.94,1.05,4.93,53.3,3.44,10.62,143.0
1521,40.93,95.38,6.74,26.91,835.0,17.74,0.83,4.57,49.67,1.07,4.29,107.0
1522,36.98,92.75,7.87,30.74,976.0,15.49,0.86,4.87,55.58,1.18,4.21,114.0
1523,43.15,100.96,5.02,29.23,841.0,15.83,0.8,5.09,63.42,1.04,3.53,123.0
1524,49.8,112.83,12.78,31.26,1094.0,15.93,1.11,4.2,56.77,1.48,4.44,118.0
1525,53.53,116.45,23.55,35.74,1282.0,15.62,1.13,4.12,48.36,2.36,6.99,128.0
1526,65.98,158.87,41.22,47.25,1361.0,17.42,1.44,6.25,39.54,3.82,10.92,152.0
1527,69.62,141.49,25.8,46.88,1344.0,18.21,1.32,7.02,49.42,2.51,7.46,167.0
1528,51.08,114.17,6.55,27.19,856.0,18.98,1.01,5.51,56.41,1.92,5.91,151.0
1529,39.45,85.59,3.31,19.09,457.0,14.76,0.81,5.12,47.45,0.92,3.47,100.0
1530,34.4,79.55,4.31,21.93,569.0,13.93,0.75,6.11,55.52,0.79,3.12,91.0
1531,46.15,108.89,6.44,27.97,845.0,15.19,0.8,8.64,67.73,0.88,3.55,105.0
1532,50.05,120.17,9.24,34.27,1102.0,15.2,0.89,9.55,59.27,1.09,4.04,113.0
1533,43.73,116.74,8.61,29.7,1079.0,14.79,0.73,6.55,65.46,0.9,3.55,118.0
1534,41.75,110.46,8.41,35.68,1157.0,14.38,0.89,6.12,54.19,1.01,4.1,106.0
1535,44.32,118.8,12.34,38.3,1188.0,16.05,0.94,5.15,47.32,1.25,4.25,108.0
1536,45.56,104.35,8.28,34.1,971.0,15.63,0.87,5.01,66.57,1.19,4.14,115.0
1537,43.24,99.47,5.41,31.64,785.0,16.24,0.8,5.61,67.48,1.05,3.83,123.0
1538,39.71,94.23,6.67,30.9,865.0,16.07,0.82,5.13,59.72,0.93,3.86,113.0
1539,39.8,91.98,6.79,27.36,680.0,15.0,0.73,5.7,57.62,0.97,4.09,102.0
1540,49.74,94.78,5.97,27.84,665.0,15.24,0.87,5.44,61.82,1.12,4.17,120.0
1541,44.52,96.39,7.16,30.85,782.0,15.54,0.94,6.86,59.05,1.38,4.47,122.0
1542,51.6,102.51,6.71,34.12,897.0,15.49,0.97,5.8,58.37,1.33,4.96,119.0
1543,47.42,93.06,5.81,28.12,730.0,14.79,0.84,6.92,64.14,0.98,3.78,120.0
1544,46.52,105.51,8.2,34.13,989.0,15.64,0.84,7.66,49.93,1.07,4.35,97.0
1545,48.85,112.26,10.0,39.23,1175.0,15.4,0.93,7.29,57.9,1.07,4.35,113.0
1546,56.52,121.14,12.4,40.26,1211.0,14.3,1.08,6.91,55.64,1.24,4.33,129.0
1547,61.59,129.96,14.08,47.4,1278.0,14.75,1.17,6.72,51.02,1.69,5.78,148.0
1548,58.92,129.31,11.08,40.64,1217.0,16.13,1.14,5.4,62.38,1.7,5.05,149.0
1549,57.09,123.2,10.17,38.21,1147.0,16.53,1.15,4.89,54.03,1.45,5.22,137.0
1550,55.88,107.85,6.77,32.37,868.0,17.21,0.9,4.68,52.26,1.17,3.9,135.0
1551,53.46,110.5,11.03,35.35,1062.0,16.31,1.01,4.73,49.03,1.21,3.68,126.0
1552,55.62,123.38,21.63,40.91,1285.0,17.78,1.03,5.37,46.15,1.43,4.62,136.0
1553,53.61,120.13,13.21,40.06,1219.0,17.27,0.94,4.96,54.26,1.57,5.0,135.0
1554,58.15,108.63,9.22,32.87,1062.0,17.41,0.94,6.16,50.92,0.93,3.94,127.0
1555,46.54,108.25,13.01,37.85,1227.0,16.31,1.07,5.22,53.59,1.62,4.05,130.0
1556,46.55,112.08,7.85,32.46,999.0,16.86,0.95,4.83,64.46,1.33,4.7,130.0
1557,51.73,103.64,7.95,32.1,987.0,16.3,0.98,4.86,68.41,1.26,3.98,127.0
1558,52.79,94.86,9.66,34.46,1066.0,17.15,0.95,5.66,59.17,1.5,5.02,125.0
1559,43.88,90.8,9.09,33.09,1009.0,19.14,1.09,5.07,66.47,1.49,5.16,149.0
1560,52.18,107.04,9.84,36.58,1049.0,18.58,1.13,4.99,45.42,1.36,4.34,123.0
1561,49.25,113.7,9.52,34.41,1007.0,21.22,0.89,5.76,40.76,1.21,4.38,112.0
1562,49.46,109.0,9.95,36.1,1103.0,18.23,0.95,5.41,51.55,1.66,4.28,130.0
1563,47.24,98.37,7.1,30.69,927.0,17.8,0.92,7.4,52.04,0.96,3.18,109.0
1564,41.74,89.76,6.27,27.4,795.0,15.09,0.78,8.4,56.7,0.26,1.34,106.0
1565,52.38,92.14,8.34,33.83,1036.0,15.92,1.04,7.56,54.29,0.53,2.26,111.0
1566,40.54,94.39,9.56,33.94,1080.0,15.47,0.99,5.95,51.67,0.83,2.61,115.0
1567,52.84,97.64,11.81,31.76,1087.0,17.54,1.16,5.09,38.4,0.99,2.96,124.0
1568,46.1,72.34,12.61,32.17,1041.0,17.34,1.09,4.1,47.27,0.93,3.21,127.0
1569,42.33,63.83,6.84,29.02,822.0,18.08,0.9,4.55,47.03,0.64,2.55,107.0
1570,29.75,73.46,7.33,31.84,948.0,16.99,1.02,5.28,55.89,0.74,2.63,122.0
1571,25.18,69.39,6.37,32.67,908.0,15.03,1.04,4.9,56.53,0.7,2.32,106.0
1572,40.9,92.48,8.46,31.25,967.0,19.12,1.1,4.83,45.27,0.78,2.64,107.0
1573,37.08,77.31,7.76,32.12,942.0,16.05,1.31,4.42,57.49,0.81,2.48,112.0
1574,42.76,85.7,6.94,33.95,960.0,16.2,1.22,4.37,53.21,0.96,2.82,108.0
1575,57.96,109.49,8.23,36.31,1048.0,16.84,1.19,5.35,54.27,0.84,3.48,126.0
1576,63.83,109.42,5.79,33.66,883.0,18.21,1.08,4.45,57.17,0.74,2.89,144.0
1577,66.34,123.11,7.59,29.77,892.0,17.39,0.84,4.97,61.68,0.37,1.79,150.0
1578,61.63,117.36,6.47,30.6,940.0,17.46,1.0,5.76,53.79,0.76,2.52,141.0
1579,62.42,108.27,6.84,30.05,896.0,18.56,0.95,4.5,50.57,0.89,2.92,140.0
1580,53.78,94.01,6.44,23.6,857.0,17.41,0.92,3.88,60.14,0.42,1.75,124.0
1581,42.75,74.84,7.54,21.81,712.0,15.57,0.99,4.72,55.94,0.23,1.31,111.0
1582,46.45,102.47,12.06,21.41,888.0,14.92,0.86,4.34,46.73,0.29,1.19,103.0
1583,47.56,95.06,8.56,22.23,818.0,17.29,0.74,4.43,48.84,0.41,1.52,112.0
1584,56.62,116.59,7.6,25.08,846.0,18.79,0.85,3.67,51.98,0.93,2.48,120.0
1585,54.62,110.84,6.9,26.36,822.0,16.93,0.8,4.21,61.04,1.03,2.36,132.0
1586,52.76,106.65,7.47,27.54,911.0,17.25,0.8,4.03,66.44,1.17,3.0,131.0
1587,42.61,87.52,10.42,23.95,888.0,16.41,0.86,4.63,47.19,0.94,2.56,113.0
1588,33.28,81.91,10.92,25.0,817.0,15.29,0.88,4.16,34.37,1.17,3.77,87.0
1589,51.42,94.86,17.94,30.32,1156.0,19.28,1.36,4.4,37.92,1.75,4.89,106.0
1590,39.33,93.68,8.88,29.13,914.0,18.45,0.94,4.23,49.37,1.31,3.94,120.0
1591,40.38,93.84,6.49,27.17,759.0,17.05,0.97,3.64,48.35,1.08,3.39,105.0
1592,34.41,93.08,9.18,26.85,916.0,16.1,1.06,4.01,41.87,0.85,2.76,101.0
1593,32.08,86.2,5.34,25.1,672.0,13.94,0.91,4.11,50.16,1.28,2.96,106.0
1594,31.91,88.8,6.66,24.31,765.0,15.95,0.92,5.41,50.77,1.18,2.57,88.0
1595,33.89,81.23,7.43,24.45,789.0,16.03,1.01,4.29,38.96,0.78,2.4,96.0
1596,38.93,93.74,12.36,34.47,1184.0,16.51,1.23,3.69,44.94,1.17,3.7,102.0
1597,40.64,91.59,14.27,32.51,1168.0,17.39,1.19,4.17,36.64,1.42,4.56,110.0
1598,55.14,118.1,13.73,35.15,1165.0,19.2,1.19,4.54,43.17,2.25,5.25,121.0
1599,51.35,101.63,8.15,27.75,820.0,18.52,0.97,3.86,45.7,1.4,3.42,116.0
1600,46.82,105.55,8.15,29.22,943.0,18.13,1.06,4.83,40.95,1.14,3.22,109.0
1601,45.3,93.68,5.1,26.31,741.0,16.95,0.88,4.25,51.87,0.92,1.58,109.0
1602,40.4,84.74,9.12,28.98,991.0,16.3,1.11,5.69,62.73,1.2,1.31,107.0
1603,43.26,97.98,12.96,34.61,1152.0,17.81,1.04,3.95,34.01,1.43,2.94,102.0
1604,35.93,75.5,6.87,27.67,833.0,16.8,0.89,5.29,51.84,0.85,2.59,92.0
1605,26.07,71.31,6.76,25.34,808.0,15.38,0.79,5.0,54.83,0.56,1.99,82.0
1606,22.5,49.25,5.26,26.04,706.0,13.51,0.69,3.85,65.11,0.49,1.73,91.0
1607,25.77,59.78,8.57,32.49,1009.0,16.1,0.94,4.44,60.35,0.78,2.67,92.0
1608,38.91,84.93,7.84,25.31,800.0,16.8,0.92,4.07,51.83,0.93,2.9,92.0
1609,28.66,62.28,5.08,24.99,668.0,15.5,0.75,4.82,82.31,0.82,2.12,112.0
1610,35.18,77.36,5.72,22.93,700.0,14.98,0.79,3.96,64.17,1.18,1.88,98.0
1611,30.29,60.85,6.44,24.81,773.0,13.84,0.82,4.09,69.14,0.88,2.32,101.0
1612,28.95,64.19,9.57,27.09,969.0,13.43,1.04,4.4,52.56,0.81,2.44,89.0
1613,44.24,64.72,5.18,18.31,570.0,12.94,0.85,4.39,45.14,0.53,1.45,100.0
1614,20.3,42.09,6.5,23.54,746.0,12.08,0.9,4.71,51.34,0.55,1.75,98.0
1615,27.33,61.65,9.0,24.48,978.0,11.9,0.79,4.54,40.04,0.41,1.52,69.0
1616,28.4,56.09,7.78,23.56,884.0,10.02,0.75,4.73,45.01,0.28,1.27,78.0
1617,25.72,51.53,7.47,27.41,903.0,12.3,1.02,4.17,46.31,0.41,1.57,78.0
1618,25.02,56.96,8.64,31.44,1076.0,15.21,0.92,5.38,50.51,0.29,1.49,102.0
1619,23.54,53.47,6.54,23.49,763.0,14.01,0.81,5.1,54.31,0.16,1.16,76.0
1620,16.31,39.84,5.29,17.7,592.0,12.94,0.66,4.02,50.05,0.11,0.77,66.0
1621,7.85,25.87,6.28,16.77,633.0,11.79,0.62,4.44,45.0,0.08,0.65,54.0
1622,11.32,30.88,5.87,16.85,596.0,13.18,0.72,4.58,36.82,0.21,0.8,50.0
1623,12.8,35.87,6.7,17.93,675.0,13.74,0.61,6.09,30.56,0.43,1.09,51.0
1624,16.38,38.15,7.7,17.76,722.0,12.46,0.66,7.48,25.3,0.66,1.65,50.0
1625,22.11,47.2,7.85,18.09,733.0,12.54,0.64,8.44,24.42,1.82,5.73,59.0
1626,23.64,54.09,9.57,20.9,756.0,12.52,0.68,8.45,24.61,1.95,7.15,69.0
1627,22.01,56.08,6.47,18.54,634.0,12.87,0.62,8.99,25.18,2.19,3.2,63.0
1628,25.77,64.03,8.35,21.68,827.0,13.23,0.7,8.36,30.6,1.28,2.92,61.0
1629,28.82,64.96,6.09,20.1,699.0,13.94,0.7,6.23,30.67,0.87,2.34,70.0
1630,25.41,60.88,7.2,20.9,723.0,12.07,0.78,4.91,29.26,1.03,2.69,74.0
1631,24.36,53.32,5.24,18.74,604.0,12.0,0.65,4.96,32.97,0.69,1.97,67.0
1632,25.35,56.61,5.8,20.66,697.0,12.55,0.74,5.48,38.03,1.42,2.5,64.0
1633,16.58,45.48,4.93,20.04,659.0,12.89,0.69,5.06,38.81,1.31,1.94,67.0
1634,14.8,36.43,4.83,20.19,647.0,12.11,0.67,4.46,37.89,0.8,2.26,66.0
1635,18.54,44.9,6.3,21.39,682.0,13.29,0.71,4.33,32.56,0.87,2.76,65.0
1636,30.39,76.25,6.73,23.04,836.0,13.05,0.76,4.77,30.97,0.97,2.46,65.0
1637,34.69,61.12,7.53,21.39,784.0,13.32,0.76,4.15,25.3,1.45,3.01,74.0
1638,26.44,65.51,7.51,21.17,757.0,12.55,0.72,4.27,28.6,1.2,1.93,72.0
1639,26.98,85.13,7.01,21.09,740.0,7.99,0.68,4.78,33.5,0.94,1.58,72.0
1640,25.37,81.98,6.35,24.27,891.0,9.02,0.72,4.7,37.55,0.5,1.39,79.0
1641,20.16,63.53,5.14,17.51,552.0,10.04,0.63,3.91,33.55,0.36,1.15,68.0
1642,26.89,70.15,6.08,18.8,637.0,9.92,0.71,4.63,35.0,0.39,1.36,65.0
1643,20.79,62.01,6.09,19.94,702.0,10.46,0.73,5.37,39.44,0.4,1.33,70.0
1644,18.25,60.9,5.89,18.61,628.0,8.4,0.7,4.98,33.59,0.45,1.52,64.0
1645,18.92,60.19,6.44,21.98,713.0,8.71,0.79,5.09,27.13,1.16,1.73,65.0
1646,20.9,57.46,6.03,19.92,731.0,11.62,0.7,5.03,25.86,0.79,1.6,63.0
1647,16.65,51.06,6.2,21.47,830.0,10.2,0.76,5.32,29.0,0.5,1.65,62.0
1648,19.38,68.71,5.33,18.38,649.0,8.26,0.75,5.3,32.8,0.85,1.36,69.0
1649,17.24,55.7,5.42,16.23,555.0,8.74,0.76,5.8,29.35,0.64,1.42,58.0
1650,19.53,46.87,5.88,16.78,613.0,10.19,0.86,5.41,25.43,0.74,1.66,64.0
1651,31.67,50.35,6.02,19.9,676.0,11.63,0.78,5.79,30.18,0.86,1.34,68.0
1652,23.49,61.32,6.71,24.25,769.0,11.9,0.84,7.22,31.66,0.63,2.06,86.0
1653,20.95,62.33,6.06,22.71,706.0,11.9,0.79,7.87,32.12,0.53,1.82,71.0
1654,20.39,57.91,5.27,21.27,695.0,11.76,0.75,6.01,32.55,0.44,1.35,62.0
1655,19.18,51.48,5.39,20.0,608.0,11.64,0.74,6.77,31.64,0.56,1.24,63.0
1656,17.84,47.39,6.14,21.24,652.0,10.92,0.8,5.93,32.19,0.5,1.68,65.0
1657,24.91,46.99,6.8,21.88,670.0,12.2,0.8,4.12,25.04,0.55,1.76,65.0
1658,26.83,55.0,9.37,24.84,860.0,12.84,0.82,3.9,25.39,0.68,2.44,69.0
1659,30.97,62.36,9.88,27.45,928.0,14.47,0.85,4.16,23.45,0.65,2.87,73.0
1660,18.98,37.85,6.92,22.61,693.0,13.99,0.67,4.42,22.89,0.51,1.76,66.0
1661,15.96,42.66,5.09,21.56,644.0,12.36,0.63,7.4,25.53,0.61,1.14,48.0
1662,19.24,41.46,6.43,23.64,809.0,11.87,0.67,7.96,25.98,0.4,1.03,64.0
1663,15.91,41.71,6.7,24.64,832.0,11.03,0.69,6.1,27.44,0.36,1.11,57.0
1664,19.14,41.62,6.94,23.99,803.0,11.49,0.75,3.98,24.3,0.4,1.38,56.0
1665,20.89,63.75,6.44,23.42,772.0,12.15,0.67,3.69,25.88,0.58,1.19,60.0
1666,20.67,53.24,7.12,23.58,778.0,11.97,0.77,3.63,23.94,0.5,1.6,64.0
1667,20.33,53.25,6.92,23.49,786.0,11.62,0.73,4.09,21.84,0.44,1.34,62.0
1668,23.21,50.99,5.66,20.93,573.0,11.85,0.64,3.87,24.81,0.39,1.36,55.0
1669,23.3,49.13,7.2,21.15,666.0,11.46,0.71,5.9,25.68,0.31,1.21,62.0
1670,18.61,56.25,5.18,19.89,641.0,11.72,0.68,3.82,25.3,0.32,1.24,64.0
1671,23.14,56.4,5.84,21.54,749.0,11.9,0.72,3.95,23.02,0.52,1.47,58.0
1672,26.99,47.37,5.7,21.64,646.0,11.74,0.66,3.58,23.67,0.75,1.6,58.0
1673,19.87,51.46,5.12,19.76,545.0,11.1,0.69,3.68,23.76,0.56,1.34,61.0
1674,18.45,52.16,6.62,22.04,726.0,11.78,0.75,4.34,21.7,0.43,1.39,59.0
1675,18.13,46.6,6.99,19.08,608.0,11.18,0.65,4.05,25.31,0.35,1.24,56.0
1676,16.26,41.66,9.14,17.21,600.0,10.68,0.69,4.08,23.02,0.49,0.99,60.0
1677,15.08,29.63,9.97,18.83,688.0,11.23,0.65,4.26,17.14,0.45,1.54,53.0
1678,14.76,30.58,10.3,20.9,771.0,11.72,0.71,4.38,18.42,0.47,1.36,48.0
1679,14.94,32.65,10.1,20.29,807.0,12.83,0.78,4.52,14.32,0.45,1.43,57.0
1680,14.31,27.28,9.42,19.56,681.0,12.92,0.67,4.1,14.25,0.72,2.23,53.0
1681,15.53,30.16,9.06,21.17,710.0,12.13,0.71,3.44,17.32,0.33,0.93,55.0
1682,13.63,38.48,8.61,22.07,787.0,12.32,0.72,3.53,18.47,0.33,1.21,49.0
1683,12.95,38.27,8.35,19.08,638.0,11.74,0.61,3.57,17.76,0.44,1.28,50.0
1684,18.62,46.51,12.49,21.34,866.0,14.07,0.78,4.06,17.11,0.76,2.22,52.0
1685,22.1,46.9,12.63,24.49,949.0,14.28,0.93,4.13,18.88,0.48,2.17,68.0
1686,26.64,46.08,10.13,22.95,811.0,14.27,0.81,3.5,22.74,0.36,1.54,70.0
1687,15.63,38.14,8.64,20.93,661.0,13.18,0.69,2.97,22.46,0.35,1.6,59.0
1688,18.63,34.85,8.64,20.7,767.0,13.51,0.76,3.49,16.92,0.47,1.94,51.0
1689,20.79,52.0,10.77,24.71,938.0,14.78,0.9,3.7,16.32,0.66,2.03,61.0
1690,23.25,47.66,12.4,26.34,974.0,16.35,0.85,3.66,14.77,0.76,2.04,67.0
1691,20.73,49.59,12.5,27.88,1025.0,16.63,0.88,3.85,17.67,0.52,2.37,65.0
1692,18.28,48.73,9.79,24.0,937.0,14.41,0.98,3.8,15.63,0.68,2.63,74.0
1693,17.04,45.86,12.94,20.38,875.0,12.61,1.06,4.86,17.45,0.48,1.87,73.0
1694,17.3,57.03,9.03,18.74,736.0,12.29,0.83,4.84,16.68,0.49,1.87,68.0
1695,15.08,44.78,7.84,18.23,672.0,12.69,0.85,4.64,18.5,0.67,1.93,65.0
1696,15.29,63.42,8.07,19.16,737.0,12.39,0.77,4.8,18.52,1.24,1.65,57.0
1697,14.98,55.99,5.28,15.48,517.0,11.29,0.58,5.48,20.37,1.55,1.43,68.0
1698,14.14,49.29,5.95,17.29,557.0,10.86,0.72,5.42,22.91,1.41,2.42,63.0
1699,11.42,47.0,7.18,19.78,734.0,12.1,0.71,7.1,23.6,1.66,2.14,61.0
1700,15.3,42.17,6.49,21.27,697.0,11.62,0.63,5.11,22.94,0.9,2.15,52.0
1701,17.22,44.99,5.15,18.4,574.0,11.37,0.64,5.43,22.19,1.16,1.98,49.0
1702,15.01,50.6,5.76,17.69,578.0,10.31,0.71,5.01,22.84,1.12,1.61,53.0
1703,20.82,65.26,7.24,19.48,685.0,10.46,0.79,4.89,21.78,0.9,1.53,63.0
1704,17.64,47.85,5.73,15.11,472.0,8.94,0.67,5.24,21.03,0.65,1.22,61.0
1705,10.98,27.78,3.7,12.39,287.0,8.81,0.64,5.3,21.01,0.52,1.05,48.0
1706,11.18,32.65,6.38,15.56,499.0,9.5,0.73,5.21,20.36,0.52,2.49,51.0
1707,13.01,40.46,7.04,16.9,568.0,9.34,0.72,5.33,19.94,0.62,1.59,51.0
1708,13.84,42.24,7.56,16.5,597.0,8.86,0.79,5.18,18.43,1.19,3.76,56.0
1709,15.34,44.08,8.05,16.14,604.0,9.22,0.88,5.36,17.88,0.82,2.71,64.0
1710,20.16,45.38,7.3,15.83,544.0,8.43,0.79,6.09,16.27,0.62,1.65,63.0
1711,12.63,45.47,6.0,12.36,412.0,7.49,0.79,6.15,17.38,0.67,1.27,62.0
1712,15.92,49.54,6.98,13.9,483.0,8.79,0.78,5.78,18.74,1.25,1.7,63.0
1713,20.67,58.85,5.4,12.3,324.0,10.59,0.73,5.49,22.64,1.45,1.91,67.0
1714,19.51,60.37,6.57,14.46,434.0,9.56,0.72,5.11,23.25,0.88,1.57,62.0
1715,20.53,57.11,9.86,24.3,821.0,12.42,0.8,5.18,24.32,0.41,1.41,68.0
1716,21.84,60.43,10.46,23.38,776.0,11.91,0.86,4.94,25.03,0.67,1.7,67.0
1717,22.29,56.94,6.61,21.87,607.0,10.94,0.76,5.58,27.33,0.77,1.3,70.0
1718,21.74,50.11,7.52,19.46,539.0,10.07,0.78,5.31,27.56,0.41,1.19,69.0
1719,48.41,40.74,8.0,19.11,585.0,10.48,0.82,5.11,25.41,0.42,1.59,67.0
1720,68.71,43.3,8.98,22.09,741.0,12.24,1.0,4.84,23.88,0.55,2.16,120.0
1721,22.83,63.17,6.7,22.04,705.0,13.83,0.95,4.32,26.44,0.62,1.84,92.0
1722,23.96,59.79,6.04,20.04,663.0,16.1,0.85,4.64,31.73,0.62,1.18,82.0
1723,19.12,56.78,11.37,23.82,839.0,17.48,0.82,4.81,30.27,0.45,1.15,67.0
1724,22.92,68.81,7.27,24.96,882.0,14.09,0.92,5.07,31.65,0.73,1.44,74.0
1725,19.15,53.11,14.84,27.97,1187.0,14.75,1.01,4.92,31.13,0.62,2.16,81.0
1726,24.78,50.88,17.22,38.91,1296.0,16.87,1.2,5.99,34.28,0.75,3.26,91.0
1727,17.68,36.94,11.88,33.19,1179.0,14.1,1.15,5.91,43.22,0.63,2.32,100.0
1728,13.45,32.33,7.39,24.87,852.0,15.3,0.85,4.98,34.55,0.47,1.52,81.0
1729,16.59,41.07,10.63,20.76,862.0,13.17,0.83,4.63,30.31,0.4,1.4,64.0
1730,32.55,75.73,10.14,28.02,1047.0,14.16,1.04,4.97,33.78,0.64,2.63,83.0
1731,26.32,78.07,7.34,26.64,901.0,14.52,0.98,4.69,42.02,0.58,2.05,99.0
1732,38.4,87.7,4.7,22.87,658.0,14.52,0.79,5.51,41.53,0.48,1.54,93.0
1733,23.22,53.78,5.23,19.29,506.0,13.18,0.81,5.24,34.56,0.55,1.56,73.0
1734,34.28,68.99,11.17,25.88,952.0,14.14,1.01,4.56,38.57,0.72,2.21,88.0
1735,17.34,36.79,13.18,32.46,1153.0,13.28,0.94,6.01,40.57,0.67,2.45,92.0
1736,26.79,52.83,12.09,35.24,1197.0,15.48,1.01,5.33,50.22,0.87,3.1,95.0
1737,41.28,58.29,18.78,41.03,1322.0,16.06,1.1,4.35,49.07,1.02,3.52,104.0
1738,32.73,70.53,18.64,46.1,1325.0,16.86,1.13,4.22,31.39,1.26,4.65,107.0
1739,27.15,55.82,14.73,33.96,1170.0,14.69,0.92,3.39,37.5,0.95,4.14,85.0
1740,35.57,60.1,26.1,37.6,1286.0,15.03,1.14,4.19,34.78,1.17,3.96,88.0
1741,24.46,39.4,8.65,28.28,861.0,14.09,0.71,3.39,46.65,0.69,2.45,92.0
1742,31.67,46.37,31.34,39.99,1327.0,15.63,0.95,4.97,40.67,0.85,3.57,89.0
1743,73.77,70.64,12.43,36.15,1199.0,18.0,0.87,4.81,34.15,1.01,3.94,146.0
1744,45.16,79.81,12.32,37.89,1222.0,18.91,0.83,3.94,34.94,1.11,3.77,95.0
1745,38.44,75.75,10.61,30.58,1066.0,17.39,0.83,4.47,29.02,0.82,2.56,90.0
1746,20.84,46.8,11.38,23.0,848.0,15.76,0.79,4.48,22.31,0.71,2.0,72.0
1747,22.61,52.98,16.56,26.95,1149.0,17.97,0.85,4.18,20.5,0.96,2.81,73.0
1748,24.94,57.89,16.25,28.5,1137.0,18.72,0.83,4.42,23.94,1.1,3.37,79.0
1749,21.73,57.38,15.17,28.28,1098.0,17.09,0.72,3.85,25.81,1.12,3.51,71.0
1750,19.3,48.38,17.76,27.52,1160.0,17.01,0.85,3.74,20.66,1.1,3.46,75.0
1751,25.83,52.13,11.2,24.42,849.0,15.22,0.71,4.83,24.17,1.05,3.1,69.0
1752,19.25,37.64,9.17,23.99,880.0,13.73,0.72,4.63,20.61,1.33,3.71,71.0
1753,17.2,39.02,6.82,23.31,705.0,13.23,0.52,5.72,26.13,0.89,2.5,56.0
1754,20.71,41.14,15.04,30.13,1154.0,13.8,0.85,5.78,22.97,1.37,4.19,69.0
1755,16.46,35.11,13.68,24.22,963.0,14.84,0.83,5.59,22.81,1.11,3.22,69.0
1756,11.71,35.91,7.89,16.97,581.0,17.04,0.83,6.07,17.5,0.82,2.21,66.0
1757,12.57,46.46,4.34,15.8,429.0,12.27,0.76,6.39,21.49,1.07,1.75,62.0
1758,13.43,42.75,5.68,18.11,567.0,12.32,0.83,6.37,19.33,0.95,1.4,65.0
1759,18.21,47.6,6.8,18.89,615.0,11.69,0.74,5.76,19.0,0.61,1.31,59.0
1760,42.44,74.17,7.74,21.32,703.0,12.84,1.01,5.26,20.17,0.77,1.86,74.0
1761,42.44,78.91,10.63,24.6,870.0,13.82,1.04,5.38,18.21,0.71,2.43,88.0
1762,34.24,78.0,11.34,22.99,896.0,16.13,0.97,6.61,20.89,0.67,2.32,80.0
1763,18.77,42.23,11.91,26.91,1054.0,15.45,0.98,6.42,27.66,0.57,2.12,78.0
1764,18.62,49.95,7.39,24.47,865.0,14.41,0.87,5.73,35.18,0.45,1.93,68.0
1765,27.42,77.15,12.02,25.98,1039.0,14.01,0.9,6.0,41.88,0.47,1.64,84.0
1766,27.1,72.41,12.02,25.19,988.0,16.17,1.08,6.16,30.92,0.57,2.01,77.0
1767,40.0,71.78,11.18,26.32,913.0,18.0,0.99,5.46,34.6,0.89,2.58,89.0
1768,54.83,112.73,20.78,36.74,1280.0,20.29,1.26,5.53,38.89,1.34,3.59,95.0
1769,73.88,144.98,31.44,41.5,1350.0,20.46,1.48,6.15,34.78,1.66,4.33,139.0
1770,94.17,142.05,26.51,38.83,1326.0,20.6,1.36,5.74,55.74,0.98,3.25,169.0
1771,92.21,136.66,28.33,44.07,1349.0,21.68,1.38,5.9,54.15,1.81,5.31,174.0
1772,69.3,110.88,17.73,38.45,1288.0,22.41,1.29,6.55,42.01,1.71,4.44,159.0
1773,47.14,102.59,12.78,35.19,1231.0,20.88,1.07,5.61,41.92,1.59,4.0,116.0
1774,52.86,102.92,11.34,30.63,1042.0,20.13,1.0,5.26,41.1,0.93,3.12,96.0
1775,61.83,117.91,8.64,33.11,1126.0,20.35,0.96,5.67,57.13,0.62,1.86,124.0
1776,27.77,68.96,7.02,26.07,884.0,16.45,1.0,6.13,46.59,0.42,1.39,96.0
1777,30.39,81.26,10.37,28.6,1026.0,17.33,0.93,6.37,43.84,0.66,2.02,83.0
1778,23.32,61.17,11.88,26.92,1053.0,17.36,0.92,6.12,38.82,0.75,2.17,80.0
1779,26.33,65.78,15.95,28.61,1203.0,18.25,1.1,6.02,18.93,0.74,2.54,77.0
1780,20.62,57.92,12.03,26.87,1085.0,17.27,1.01,6.16,21.06,0.69,2.24,82.0
1781,30.7,64.16,10.09,28.0,1113.0,16.75,0.84,6.37,36.16,0.69,1.81,76.0
1782,27.07,61.85,12.69,29.65,1176.0,17.29,1.01,6.8,30.81,0.72,2.18,72.0
1783,20.23,51.01,12.61,26.77,1116.0,16.19,0.96,6.55,25.97,0.66,2.12,74.0
1784,21.12,48.76,13.06,27.06,1097.0,16.37,1.05,6.93,23.22,0.73,2.49,77.0
1785,42.28,78.55,14.45,34.02,1228.0,17.57,1.19,6.68,29.31,0.93,2.93,86.0
1786,44.17,78.49,11.39,32.14,1182.0,15.81,1.06,6.26,32.59,0.73,2.2,96.0
1787,36.68,68.13,9.67,32.05,1138.0,15.22,1.01,6.44,36.87,0.56,1.8,90.0
1788,41.18,71.69,4.45,21.45,610.0,17.36,0.9,6.17,47.58,0.2,0.85,79.0
1789,37.44,69.94,6.37,27.71,946.0,16.71,1.17,6.81,37.89,0.34,3.63,83.0
1790,35.44,72.66,14.25,30.62,1083.0,17.52,1.0,5.87,43.3,7.6,34.24,88.0
1791,33.02,65.25,15.29,35.64,1238.0,17.13,1.22,6.34,34.88,1.29,37.66,89.0
1792,23.08,53.29,13.08,29.76,1144.0,18.19,1.04,6.31,30.99,2.8,29.42,86.0
1793,22.97,61.34,14.39,25.68,1038.0,14.77,1.0,5.38,24.82,0.93,40.69,75.0
1794,23.25,50.92,11.74,22.84,877.0,14.15,1.03,5.46,19.8,0.82,38.94,75.0
1795,13.46,42.5,9.63,20.19,709.0,14.09,0.93,6.35,18.54,0.66,42.98,65.0
1796,13.96,34.67,10.32,21.53,762.0,12.97,0.94,5.99,22.64,0.66,38.23,70.0
1797,27.28,55.3,14.0,27.81,1028.0,13.63,1.11,6.03,28.88,1.15,44.55,76.0
1798,38.2,69.48,9.9,26.87,926.0,13.85,0.96,5.33,44.53,0.73,35.35,86.0
1799,55.45,91.85,12.88,32.39,1121.0,15.19,0.94,6.48,42.62,1.1,37.71,87.0
1800,57.3,96.47,9.71,32.59,1021.0,15.1,0.94,6.69,40.61,0.79,36.06,103.0
1801,39.42,71.64,12.01,32.74,1141.0,14.07,1.05,7.05,30.49,0.97,36.31,89.0
1802,23.79,52.13,8.0,26.15,863.0,12.91,0.95,8.15,28.46,0.67,34.84,68.0
1803,21.29,56.84,10.79,29.26,997.0,13.07,1.03,6.57,29.65,0.78,35.33,70.0
1804,20.31,55.42,9.34,27.3,929.0,12.13,1.02,6.59,33.44,0.65,34.67,74.0
1805,28.62,63.74,9.43,29.94,968.0,15.16,0.84,5.96,31.81,0.81,27.87,73.0
1806,28.93,67.98,8.12,28.49,909.0,12.64,0.91,5.81,37.02,0.68,37.62,77.0
1807,30.65,71.83,8.24,26.71,874.0,13.12,0.94,6.69,35.09,0.59,33.42,74.0
1808,23.6,60.07,9.79,25.5,889.0,12.63,0.97,6.56,28.77,0.69,32.96,74.0
1809,25.33,66.09,7.47,23.85,708.0,12.51,0.78,6.28,34.2,0.55,31.51,68.0
1810,24.25,59.81,11.19,25.62,914.0,12.62,0.91,7.0,30.69,0.71,31.67,69.0
1811,27.65,61.09,11.23,28.51,1012.0,12.28,1.05,6.73,30.3,0.68,32.27,69.0
1812,42.91,84.86,11.5,31.51,1122.0,13.03,1.13,6.79,32.35,0.7,28.05,82.0
1813,38.66,77.48,12.17,30.63,1133.0,12.91,1.16,7.36,26.97,0.7,27.12,85.0
1814,44.46,91.61,13.62,32.5,1195.0,13.8,1.19,5.91,28.4,0.84,29.36,91.0
1815,48.62,89.87,7.89,29.51,941.0,14.47,0.98,6.45,37.53,0.71,31.23,95.0
1816,46.52,84.08,6.3,25.65,821.0,13.5,0.91,6.09,45.17,0.61,35.14,88.0
1817,49.33,89.98,8.39,31.35,1041.0,13.96,1.0,6.11,43.35,0.77,40.0,92.0
1818,35.84,77.13,9.2,29.34,1018.0,13.71,1.13,7.13,37.89,1.06,40.29,89.0
1819,35.48,71.87,7.38,26.59,893.0,14.05,1.03,5.95,32.38,2.22,12.55,76.0
1820,44.27,87.08,7.56,29.46,970.0,14.55,1.03,6.25,43.66,2.08,21.3,95.0
1821,43.32,87.09,9.56,31.24,1072.0,14.71,1.09,6.6,39.42,1.66,41.25,98.0
1822,35.24,70.75,7.86,26.94,906.0,13.37,0.97,7.38,37.81,0.93,44.93,82.0
1823,38.53,73.77,6.56,26.2,844.0,13.02,0.92,7.39,43.5,0.63,23.56,80.0
1824,47.81,77.49,6.4,28.46,907.0,12.91,1.03,8.04,44.92,0.62,24.96,93.0
1825,42.54,84.76,7.92,29.1,895.0,13.75,1.06,7.58,45.78,0.88,27.59,97.0
1826,30.71,70.8,9.03,27.31,863.0,13.01,1.07,8.56,37.39,1.05,36.19,82.0
1827,25.78,62.73,8.81,28.05,983.0,12.4,1.16,7.52,33.11,0.95,34.36,81.0
1828,29.66,69.62,6.62,26.26,871.0,12.87,0.99,6.4,32.98,1.06,29.06,85.0
1829,52.62,106.81,15.46,31.56,1250.0,14.59,1.39,6.94,37.35,1.5,35.36,95.0
1830,52.64,97.94,6.86,29.1,965.0,15.68,1.01,7.01,45.1,1.19,39.99,118.0
1831,24.74,62.08,8.08,27.57,1016.0,13.94,1.09,6.97,25.22,0.69,5.39,81.0
1832,22.52,62.95,10.11,29.93,1052.0,11.75,1.06,7.35,28.66,1.03,16.53,75.0
1833,30.92,74.18,5.8,30.86,936.0,12.61,1.03,6.61,47.48,0.99,15.86,93.0
1834,40.57,85.93,7.15,33.79,1074.0,13.74,1.09,6.01,45.49,0.99,15.04,101.0
1835,39.29,83.02,8.07,36.97,1166.0,14.54,1.05,7.71,39.61,0.83,16.79,94.0
1836,31.1,66.98,6.52,29.13,915.0,13.03,0.89,6.72,40.4,0.79,16.36,78.0
1837,39.5,75.34,7.01,30.57,979.0,14.27,0.97,7.38,37.47,0.81,16.7,79.0
1838,53.93,97.81,10.78,38.77,1242.0,15.06,1.11,6.51,46.68,1.04,19.3,106.0
1839,64.35,108.24,10.27,43.03,1261.0,15.71,1.08,7.03,47.83,1.07,19.47,121.0
1840,45.19,79.82,10.74,35.06,1191.0,13.94,0.93,7.78,55.92,0.75,12.19,111.0
1841,39.36,84.68,7.12,38.18,1200.0,13.75,1.2,7.7,59.83,0.4,1.15,114.0
1842,34.68,85.16,12.3,39.38,1260.0,13.59,1.27,7.3,43.88,0.52,2.73,106.0
1843,26.9,65.04,6.83,26.29,947.0,14.38,0.95,5.81,24.91,0.46,1.65,86.0
1844,26.66,59.29,5.34,23.43,828.0,13.36,0.96,5.8,29.97,0.45,1.05,66.0
1845,34.51,82.12,6.77,33.42,1155.0,14.44,1.07,5.74,35.59,0.47,1.37,81.0
1846,37.86,84.98,6.26,33.67,1106.0,14.19,1.1,6.86,36.29,0.47,1.34,90.0
1847,28.25,71.37,6.1,30.62,1037.0,14.77,1.23,6.35,32.1,0.44,1.31,87.0
1848,41.13,76.02,8.76,30.76,995.0,14.45,1.1,7.64,31.17,0.48,1.4,82.0
1849,42.19,84.68,7.99,39.01,1239.0,13.91,1.22,7.44,29.94,0.5,1.55,108.0
1850,44.82,95.52,10.87,46.43,1305.0,14.99,1.23,6.85,30.14,0.54,1.61,100.0
1851,44.48,93.93,9.21,45.71,1300.0,16.11,1.1,8.32,36.55,0.44,1.37,97.0
1852,45.49,92.25,12.1,41.23,1280.0,17.79,1.24,9.36,42.71,0.39,1.47,98.0
1853,52.63,98.54,6.61,33.37,1136.0,17.5,1.17,13.04,47.28,0.43,1.34,102.0
1854,46.45,100.44,8.04,38.65,1205.0,13.87,0.99,11.45,50.62,0.63,1.8,115.0
1855,43.42,107.2,17.25,47.61,1329.0,14.17,1.19,9.86,37.97,0.81,2.12,112.0
1856,46.36,102.88,5.39,37.62,1162.0,14.39,1.05,8.97,47.97,0.65,4.32,111.0
1857,52.07,105.15,5.09,31.67,1000.0,14.51,1.03,10.3,43.71,0.61,2.24,102.0
1858,35.27,84.84,4.24,24.1,714.0,13.05,0.81,6.12,39.98,0.45,1.6,94.0
1859,33.79,80.75,9.12,34.38,1151.0,12.29,0.96,7.34,32.47,0.43,1.64,79.0
1860,29.27,75.0,7.82,32.2,1108.0,12.05,1.0,6.81,32.0,0.51,4.12,82.0
1861,30.66,74.45,6.88,30.15,1059.0,12.86,1.16,7.47,34.73,0.45,4.91,86.0
1862,43.83,92.77,7.34,35.14,1192.0,13.82,1.11,6.93,41.55,0.34,1.47,96.0
1863,49.51,103.19,5.71,31.27,1061.0,14.44,1.06,8.53,41.16,0.27,2.81,96.0
1864,45.3,106.63,5.64,30.49,1003.0,13.5,0.95,7.2,38.36,0.33,3.37,105.0
1865,52.39,111.14,4.66,25.96,841.0,15.42,1.06,10.99,34.35,0.34,1.56,101.0
1866,35.53,82.96,5.3,26.2,865.0,15.84,1.09,8.07,32.75,0.33,1.89,103.0
1867,33.94,77.23,6.41,28.99,912.0,12.4,1.07,7.08,34.75,1.87,2.29,87.0
1868,32.82,72.71,6.23,28.34,888.0,12.02,0.93,7.06,34.6,2.13,2.7,80.0
1869,37.67,86.81,9.5,37.32,1208.0,12.15,1.06,7.06,34.92,0.62,1.72,84.0
1870,50.47,120.55,15.25,46.46,1301.0,14.09,1.29,6.98,45.01,0.76,1.69,111.0
1871,54.91,129.65,16.22,54.43,1339.0,14.89,1.24,7.48,46.99,0.78,1.54,128.0
1872,45.02,89.03,6.18,36.76,1068.0,13.44,0.99,8.14,49.12,0.51,1.05,120.0
1873,41.66,94.89,14.05,43.77,1276.0,13.41,1.15,9.48,42.21,0.62,1.4,99.0
1874,43.29,105.87,6.85,42.79,1213.0,15.06,1.07,7.44,47.44,0.38,1.09,103.0
1875,55.31,97.46,6.29,36.85,1131.0,15.25,1.28,7.62,49.57,0.4,1.14,101.0
1876,47.86,95.51,7.98,33.04,1125.0,13.9,1.06,5.97,38.42,0.4,2.64,94.0
1877,30.24,72.85,4.56,24.85,869.0,12.05,1.0,6.25,40.89,0.28,1.1,90.0
1878,33.96,82.03,4.67,23.75,840.0,13.04,0.98,6.62,37.76,0.23,1.0,78.0
1879,36.3,85.26,4.15,21.8,732.0,12.61,1.09,5.92,49.19,0.19,1.0,81.0
1880,35.6,82.42,5.07,25.61,921.0,11.92,1.01,5.93,43.59,0.28,1.2,82.0
1881,41.83,97.01,5.0,31.08,1091.0,12.39,1.28,6.01,50.22,0.3,1.4,107.0
1882,47.39,88.67,5.03,27.21,989.0,12.47,0.97,5.38,36.49,0.31,1.15,104.0
1883,39.39,92.84,5.95,31.61,1090.0,12.63,1.16,6.72,41.29,0.27,0.92,112.0
1884,42.58,95.58,5.36,26.77,966.0,12.35,1.06,6.75,46.4,0.25,0.88,98.0
1885,48.75,95.45,5.79,27.79,1006.0,12.22,1.01,6.22,47.04,0.24,1.01,95.0
1886,56.2,89.66,3.51,21.91,640.0,14.37,0.98,7.09,49.93,0.22,0.79,101.0
1887,53.75,115.89,6.52,29.55,1062.0,14.37,1.18,6.36,48.39,0.32,1.36,103.0
1888,70.78,154.34,8.97,32.33,1164.0,14.47,1.27,6.96,61.01,0.42,1.76,137.0
1889,55.66,118.07,12.1,33.05,1225.0,15.46,1.22,6.6,52.01,0.33,1.53,131.0
1890,57.89,111.38,6.09,28.68,1008.0,14.39,1.04,7.21,53.06,0.33,1.21,117.0
1891,41.84,83.19,5.52,23.14,804.0,13.61,0.94,8.07,50.82,0.43,1.85,100.0
1892,44.33,89.88,5.26,26.8,925.0,15.57,0.98,7.12,37.49,0.45,1.14,93.0
1893,38.66,84.01,3.91,21.71,694.0,14.03,0.88,6.71,40.31,0.37,1.11,91.0
1894,38.88,84.66,4.74,23.26,774.0,13.54,0.99,7.41,45.57,0.39,0.96,99.0
1895,41.48,89.64,3.92,22.84,735.0,12.71,0.94,7.08,50.57,0.33,1.53,93.0
1896,39.57,80.31,4.86,25.62,878.0,11.31,0.96,8.25,50.73,0.37,1.43,95.0
1897,34.62,78.55,6.45,28.58,990.0,10.85,1.05,6.36,49.83,0.46,1.15,97.0
1898,34.77,76.68,6.76,27.42,977.0,10.94,0.93,7.36,42.26,0.42,1.17,90.0
1899,29.97,72.04,5.47,27.04,941.0,10.8,0.91,6.65,38.8,0.38,3.09,86.0
1900,33.96,72.17,4.07,22.19,707.0,11.55,0.92,6.97,49.32,0.35,3.2,88.0
1901,26.15,71.05,4.54,21.45,724.0,11.07,0.84,6.75,36.51,0.31,2.81,79.0
1902,24.15,77.96,4.75,19.78,677.0,10.48,0.86,7.01,31.85,0.35,3.4,77.0
1903,29.66,72.55,4.54,24.72,826.0,11.06,0.9,7.25,39.28,0.38,3.03,78.0
1904,38.15,87.04,4.96,26.49,911.0,12.13,0.93,7.97,55.4,0.56,2.03,91.0
1905,43.31,94.45,3.79,23.38,748.0,13.53,0.98,6.97,53.12,0.5,1.98,100.0
1906,40.62,95.67,6.2,31.05,1075.0,13.76,1.06,6.75,59.91,0.8,1.68,103.0
1907,30.16,66.88,4.2,13.39,362.0,12.95,0.82,6.92,48.99,0.34,1.48,99.0
1908,40.28,82.77,4.01,20.12,612.0,13.99,1.05,6.03,42.02,0.34,1.47,85.0
1909,50.85,82.89,3.45,15.65,448.0,14.92,0.86,6.39,39.76,0.24,0.95,106.0
1910,25.25,48.81,2.62,9.73,251.0,11.91,0.76,7.92,38.24,0.17,0.47,70.0
1911,27.77,51.53,2.55,8.99,223.0,11.25,0.7,5.87,35.05,0.13,0.38,61.0
1912,27.47,51.79,3.22,9.44,244.0,11.09,0.85,6.49,35.6,0.14,0.37,67.0
1913,24.89,45.75,2.63,10.58,275.0,10.13,0.85,6.11,36.29,0.28,1.15,70.0
1914,28.45,47.23,2.99,12.22,344.0,10.41,0.85,6.37,37.19,0.36,1.48,66.0
1915,32.46,53.57,3.02,11.09,322.0,11.12,0.91,6.77,41.31,0.21,0.88,72.0
1916,22.01,48.55,2.9,10.09,265.0,10.45,0.83,5.11,42.69,0.11,0.43,68.0
1917,22.54,49.89,2.51,10.37,257.0,10.18,0.76,5.81,41.52,0.12,0.46,64.0
1918,27.12,58.49,2.43,9.58,234.0,10.92,0.86,5.56,46.12,0.11,0.52,70.0
1919,34.12,69.87,2.43,9.69,241.0,11.13,0.77,6.8,49.16,0.11,0.46,82.0
1920,31.93,63.83,2.43,9.23,227.0,11.25,0.72,6.51,43.88,0.25,1.0,74.0
1921,30.26,67.3,2.48,9.81,258.0,11.08,0.8,6.06,39.66,0.17,2.53,77.0
1922,22.68,50.53,2.34,11.52,264.0,11.69,0.71,4.44,42.79,0.15,11.08,65.0
1923,15.14,20.84,3.05,13.48,375.0,16.57,0.71,5.3,42.61,0.22,7.2,62.0
1924,18.39,28.13,2.74,13.73,359.0,13.03,0.72,5.55,52.65,0.26,6.3,67.0
1925,23.32,32.12,2.51,12.38,310.0,13.62,0.73,5.83,48.84,0.25,5.16,65.0
1926,30.06,22.69,3.98,11.5,253.0,13.71,0.67,6.1,47.67,0.25,7.31,76.0
1927,26.99,35.92,2.35,10.63,248.0,16.25,0.79,6.06,45.02,0.73,8.55,70.0
1928,22.38,35.49,2.68,11.74,291.0,13.94,0.72,4.78,47.0,0.57,9.9,64.0
1929,25.61,42.98,3.74,15.57,464.0,11.61,0.71,5.75,46.22,0.42,17.99,72.0
1930,30.24,52.51,3.61,15.73,454.0,10.46,0.69,6.34,46.63,0.32,11.75,72.0
1931,33.62,50.11,2.76,13.81,371.0,10.86,0.67,8.19,46.04,0.37,8.98,74.0
1932,25.27,42.7,2.65,12.73,327.0,9.91,0.73,6.55,43.3,0.44,9.63,66.0
1933,40.0,50.83,2.62,12.28,317.0,10.46,0.65,5.77,41.22,0.34,9.27,74.0
1934,34.03,46.7,2.53,11.74,278.0,10.25,0.72,5.59,39.05,0.25,3.7,94.0
1935,24.22,41.6,2.61,10.48,259.0,9.42,0.61,6.21,36.3,0.28,2.29,67.0
1936,19.42,31.92,2.57,10.76,261.0,9.03,0.55,6.75,32.7,0.16,2.23,53.0
1937,17.04,48.52,3.12,13.02,319.0,7.96,0.78,6.2,31.78,0.22,2.26,65.0
1938,19.95,50.26,2.71,10.17,254.0,8.33,0.68,6.79,34.71,0.19,2.56,71.0
1939,26.1,48.49,2.9,11.41,315.0,8.44,0.67,6.36,38.1,0.2,2.59,63.0
1940,26.25,65.58,3.38,13.05,409.0,9.74,0.75,6.54,34.36,0.59,3.18,69.0
1941,25.98,55.47,3.67,13.04,392.0,10.15,0.69,5.83,30.95,0.51,4.3,66.0
1942,21.32,43.11,3.03,11.76,308.0,9.89,0.82,5.47,37.25,0.25,1.68,61.0
1943,19.25,50.33,3.17,11.69,351.0,9.21,0.76,5.55,33.06,0.19,2.14,59.0
1944,20.74,55.81,2.71,11.24,302.0,10.71,0.79,5.86,33.9,0.21,1.66,71.0
1945,13.68,39.31,2.68,12.02,320.0,10.72,0.74,5.73,30.77,0.22,1.36,62.0
1946,20.3,54.56,4.21,15.27,477.0,8.07,0.75,5.45,32.26,0.36,1.36,61.0
1947,24.81,61.29,3.34,12.6,369.0,8.95,0.67,6.28,40.97,0.22,1.93,74.0
1948,18.36,50.84,3.13,14.26,395.0,7.84,0.8,6.19,38.88,0.3,1.52,72.0
1949,22.35,56.07,3.02,17.28,458.0,6.94,0.82,6.23,39.28,0.28,1.47,71.0
1950,26.1,71.6,2.7,18.88,500.0,6.47,0.86,7.16,42.46,0.25,1.19,79.0
1951,29.23,87.56,3.09,18.26,482.0,7.53,0.82,7.44,43.07,0.25,1.18,91.0
1952,23.02,64.54,2.81,17.4,447.0,8.56,0.93,6.85,38.88,0.22,1.51,85.0
1953,26.87,72.07,2.9,18.2,471.0,8.9,0.88,6.09,34.69,0.25,0.99,82.0
1954,17.61,52.32,3.0,16.86,451.0,7.94,0.77,7.14,31.87,0.28,1.2,73.0
1955,21.05,60.98,3.05,14.05,390.0,8.26,0.77,7.51,30.1,0.26,0.85,76.0
1956,24.29,59.49,3.02,13.18,333.0,8.84,0.77,6.93,34.13,0.22,1.48,78.0
1957,20.58,66.73,3.08,14.23,352.0,9.01,0.81,7.7,35.18,0.21,1.46,77.0
1958,15.43,70.53,3.19,14.13,366.0,8.98,0.73,6.05,26.07,0.24,1.61,82.0
1959,14.56,39.32,3.27,13.82,361.0,9.23,0.8,6.09,27.46,0.76,4.51,66.0
1960,24.81,58.72,3.9,15.82,427.0,10.15,0.74,6.12,33.15,0.38,2.55,66.0
1961,17.34,46.71,4.43,16.79,457.0,9.42,0.87,7.39,25.11,0.3,1.57,73.0
1962,23.44,56.99,3.89,18.22,482.0,10.07,0.96,7.06,32.49,0.35,1.16,74.0
1963,21.25,52.69,3.12,13.24,286.0,10.3,0.72,7.19,36.41,0.27,1.14,70.0
1964,16.82,47.84,7.57,12.91,271.0,10.52,0.85,6.14,35.55,0.22,1.13,68.0
1965,23.81,79.02,3.75,13.11,326.0,9.81,0.73,5.67,27.88,0.19,1.69,72.0
1966,17.9,64.0,4.3,13.77,400.0,8.9,0.72,6.05,26.03,0.18,1.53,79.0
1967,19.53,60.44,4.38,14.59,432.0,8.87,0.74,5.8,26.55,0.18,1.81,70.0
1968,18.13,56.21,4.32,15.13,445.0,8.98,0.79,5.59,34.42,0.2,1.47,68.0
1969,19.52,62.59,3.49,15.05,406.0,8.76,0.72,6.29,39.84,0.23,1.26,72.0
1970,18.62,66.58,3.28,13.03,313.0,8.97,0.59,5.64,27.7,0.19,1.79,66.0
1971,21.06,57.36,3.88,16.82,471.0,9.36,0.7,5.81,33.26,0.25,1.49,70.0
1972,22.25,71.59,4.18,16.47,467.0,9.58,0.76,6.38,34.72,0.26,1.95,66.0
1973,19.81,55.23,4.73,18.54,538.0,12.06,0.92,6.03,26.83,0.28,1.54,75.0
1974,28.46,55.7,4.48,14.85,439.0,9.1,0.66,6.24,27.7,0.4,1.83,74.0
1975,23.16,53.37,5.1,15.72,475.0,8.2,0.7,6.48,25.16,0.6,2.18,66.0
1976,15.87,42.52,4.12,18.27,490.0,8.7,0.74,6.27,24.01,0.58,1.96,72.0
1977,23.32,51.62,2.39,11.58,216.0,7.26,0.84,7.01,25.66,0.52,2.14,61.0
1978,9.16,22.16,2.64,9.72,182.0,5.7,0.6,6.78,20.96,0.52,2.56,49.0
1979,8.95,19.43,3.09,9.76,209.0,5.13,0.57,6.65,17.46,0.59,2.72,40.0
1980,9.69,19.34,4.22,9.78,231.0,4.92,0.6,6.85,19.62,0.67,2.76,42.0
1981,10.91,30.11,7.19,11.51,302.0,4.78,0.62,6.94,17.73,0.67,2.74,43.0
1982,22.88,48.48,3.88,19.65,547.0,5.64,0.66,7.12,18.92,0.92,1.77,55.0
1983,18.18,50.12,4.61,17.1,442.0,5.7,0.6,7.16,18.22,0.66,2.39,55.0
1984,17.6,45.11,3.45,13.32,297.0,5.31,0.57,7.11,14.91,0.73,2.63,55.0
1985,20.16,48.85,4.64,15.31,402.0,5.22,0.65,6.88,16.9,0.73,2.66,55.0
1986,21.7,52.5,4.65,15.48,442.0,5.64,0.62,6.99,16.73,0.71,2.57,58.0
1987,25.44,73.07,11.1,15.98,498.0,6.0,0.66,6.92,15.65,1.05,1.82,70.0
1988,16.53,39.75,5.74,14.7,455.0,5.76,0.67,6.99,12.9,1.03,2.25,59.0
1989,16.84,35.21,5.17,13.83,404.0,5.93,0.64,7.2,15.56,0.82,2.54,49.0
1990,16.79,42.32,5.42,14.67,451.0,6.57,0.72,7.33,15.52,0.81,2.3,50.0
1991,16.66,35.74,4.77,12.31,365.0,6.7,0.56,6.86,13.54,0.86,2.29,49.0
1992,19.57,36.58,5.15,13.01,405.0,6.55,0.62,7.68,16.22,0.63,2.25,47.0
1993,17.07,45.6,5.16,13.32,424.0,6.9,0.6,7.21,16.51,0.38,2.06,55.0
1994,18.29,56.47,5.9,14.1,480.0,6.48,0.65,7.74,13.01,0.27,2.64,57.0
1995,28.32,63.66,5.57,13.98,446.0,6.84,0.73,7.27,12.63,1.31,0.88,65.0
1996,21.55,57.17,4.82,13.87,421.0,6.54,0.66,7.22,12.34,0.45,0.94,65.0
1997,18.32,47.55,4.48,13.62,381.0,6.59,0.66,7.81,14.16,0.39,1.32,56.0
1998,18.18,42.05,4.6,12.45,377.0,6.5,0.54,7.47,13.37,0.37,1.55,52.0
1999,15.65,40.19,5.59,14.45,484.0,6.5,0.62,7.18,13.04,0.46,1.66,49.0
2000,20.38,49.93,5.16,14.6,473.0,6.76,0.62,6.98,17.72,0.39,1.6,56.0
2001,19.72,52.43,5.41,14.61,469.0,7.37,0.61,6.86,18.26,0.33,1.48,63.0
2002,16.93,40.06,6.01,17.67,550.0,7.42,0.74,7.73,19.58,0.4,1.52,63.0
2003,15.4,28.66,4.42,14.29,408.0,7.32,0.61,7.45,19.53,0.25,1.43,58.0
2004,16.6,29.48,3.06,13.68,306.0,6.88,0.67,7.29,15.69,0.21,1.18,51.0
2005,20.44,26.34,2.69,10.33,221.0,6.58,0.66,6.6,17.59,0.12,0.94,61.0
2006,28.68,29.27,3.62,12.12,297.0,6.8,0.56,6.33,16.99,0.17,1.17,65.0
2007,14.47,24.26,4.61,12.69,382.0,6.82,0.56,6.45,16.08,0.18,0.86,63.0
2008,17.5,30.48,3.95,13.25,377.0,7.42,0.54,6.66,15.4,0.27,0.65,43.0
